domain	utterance	seqlogical
reminder	Set a reminder to change air filter once a month	[IN:CREATE_REMINDER Set a reminder to [SL:TODO change air filter ] [SL:RECURRING_DATE_TIME [IN:GET_RECURRING_DATE_TIME [SL:FREQUENCY once a month ] ] ] ]
reminder	What are my reminders about this weeks birthday's	[IN:GET_REMINDER What are [SL:PERSON_REMINDED my ] reminders about [SL:TODO [IN:GET_TODO [SL:DATE_TIME this weeks ] [SL:TODO birthday 's ] ] ] ]
reminder	remind me to drink water every hour	[IN:CREATE_REMINDER remind [SL:PERSON_REMINDED me ] to [SL:TODO drink water ] [SL:RECURRING_DATE_TIME [IN:GET_RECURRING_DATE_TIME [SL:FREQUENCY every hour ] ] ] ]
reminder	Before I forgot, cancel tomorrow's reminder to get up at 7 am.	[IN:DELETE_REMINDER Before I forgot , cancel [SL:DATE_TIME tomorrow ] 's reminder to [SL:TODO [IN:GET_TODO [SL:TODO get up ] [SL:DATE_TIME at 7 am ] ] ] . ]
reminder	Please cancel all reminders.	[IN:DELETE_REMINDER Please cancel [SL:AMOUNT all ] reminders . ]
reminder	Set a bed time reminder for 9 p.m.	[IN:CREATE_REMINDER Set a [SL:TODO bed time ] reminder [SL:DATE_TIME for 9 p.m . ] ]
reminder	remind me to pay phone bill tomorrow morning	[IN:CREATE_REMINDER remind [SL:PERSON_REMINDED me ] to [SL:TODO pay phone bill ] [SL:DATE_TIME tomorrow morning ] ]
reminder	Remind me on Wednesday instead of Friday to water the plants.	[IN:UPDATE_REMINDER_DATE_TIME Remind [SL:PERSON_REMINDED me ] [SL:DATE_TIME_NEW on Wednesday ] instead [SL:DATE_TIME of Friday ] to [SL:TODO water the plants ] . ]
reminder	Show all of my reminders for tomorrow.	[IN:GET_REMINDER [SL:METHOD_RETRIEVAL_REMINDER Show ] [SL:AMOUNT all ] of [SL:PERSON_REMINDED my ] reminders [SL:DATE_TIME for tomorrow ] . ]
reminder	Remind me of the kids back to school this Thursday	[IN:CREATE_REMINDER Remind [SL:PERSON_REMINDED me ] of [SL:TODO the kids back to school ] [SL:DATE_TIME this Thursday ] ]
reminder	Set up a daily reminder for my daughter to read for 30 minutes.	[IN:CREATE_REMINDER Set up a [SL:RECURRING_DATE_TIME [IN:GET_RECURRING_DATE_TIME [SL:FREQUENCY daily ] ] ] reminder for [SL:PERSON_REMINDED [IN:GET_CONTACT [SL:CONTACT_RELATED my ] [SL:TYPE_RELATION daughter ] ] ] to [SL:TODO [IN:GET_TODO [SL:TODO read ] [SL:DATE_TIME for 30 minutes ] ] ] . ]
reminder	what reminders do i have today?	[IN:GET_REMINDER what reminders do [SL:PERSON_REMINDED i ] have [SL:DATE_TIME today ] ? ]
reminder	Remind me to wear pink for the charity event Saturday.	[IN:CREATE_REMINDER Remind [SL:PERSON_REMINDED me ] to [SL:TODO wear pink for the charity event ] [SL:DATE_TIME Saturday ] . ]
reminder	Remind me to buy donuts for kids	[IN:CREATE_REMINDER Remind [SL:PERSON_REMINDED me ] to [SL:TODO buy donuts for kids ] ]
reminder	provide all the reminders for October month	[IN:GET_REMINDER provide [SL:AMOUNT all ] the reminders [SL:DATE_TIME for October month ] ]
reminder	remind me to renew my subscription	[IN:CREATE_REMINDER remind [SL:PERSON_REMINDED me ] to [SL:TODO renew my subscription ] ]
reminder	Remind me to buy plane tickets to Florida on August 7th, 2019.	[IN:CREATE_REMINDER Remind [SL:PERSON_REMINDED me ] to [SL:TODO buy plane tickets to Florida ] [SL:DATE_TIME on August 7th , 2019 ] . ]
reminder	What reminders are set for this week?	[IN:GET_REMINDER What reminders are set [SL:DATE_TIME for this week ] ? ]
reminder	Every day of the week, remind me of how grateful I am for my children and God who gave them to me.	[IN:CREATE_REMINDER [SL:RECURRING_DATE_TIME [IN:GET_RECURRING_DATE_TIME [SL:FREQUENCY Every day of the week ] ] ] , remind [SL:PERSON_REMINDED me ] of [SL:TODO how grateful I am for my children and God who gave them to me ] . ]
reminder	Remind me to water the plants every Monday	[IN:CREATE_REMINDER Remind [SL:PERSON_REMINDED me ] to [SL:TODO water the plants ] [SL:RECURRING_DATE_TIME [IN:GET_RECURRING_DATE_TIME [SL:FREQUENCY every ] [SL:DATE_TIME Monday ] ] ] ]
reminder	Remove the reminder to set an annual appointment with the dentist	[IN:DELETE_REMINDER Remove the reminder to [SL:TODO [IN:GET_TODO [SL:TODO set ] an [SL:RECURRING_DATE_TIME [IN:GET_RECURRING_DATE_TIME [SL:FREQUENCY annual ] ] ] [SL:TODO appointment with the dentist ] ] ] ]
reminder	what reminders were on my schedule for last week	[IN:GET_REMINDER what reminders were on [SL:PERSON_REMINDED my ] schedule [SL:DATE_TIME for last week ] ]
reminder	What reminders do I have set up for this weekend?	[IN:GET_REMINDER What reminders do [SL:PERSON_REMINDED I ] have set up [SL:DATE_TIME for this weekend ] ? ]
reminder	set a reminder to walk Allens dog everyday staring this Thursday until Saturday	[IN:CREATE_REMINDER set a reminder to [SL:TODO walk Allens dog ] [SL:RECURRING_DATE_TIME [IN:GET_RECURRING_DATE_TIME [SL:FREQUENCY everyday ] [SL:DATE_TIME staring this Thursday until Saturday ] ] ] ]
reminder	Can you remind the soccer team that next weekend's game is cancelled?	[IN:CREATE_REMINDER Can you remind the [SL:PERSON_REMINDED soccer team ] that [SL:TODO [IN:GET_TODO [SL:DATE_TIME next weekend ] 's [SL:TODO game is cancelled ] ] ] ? ]
reminder	change the dentist appointment for Sam reminder to September 21	[IN:UPDATE_REMINDER_DATE_TIME change the [SL:TODO dentist appointment for Sam ] reminder [SL:DATE_TIME_NEW to September 21 ] ]
reminder	can you change the alert time on my next reminder from 7 to 8 instead?	[IN:UPDATE_REMINDER_DATE_TIME can you change the alert time on [SL:PERSON_REMINDED my ] [SL:ORDINAL next ] reminder [SL:DATE_TIME from 7 ] [SL:DATE_TIME_NEW to 8 ] instead ? ]
reminder	Remove alerts for my 6 a.m. reminder	[IN:DELETE_REMINDER Remove alerts for [SL:PERSON_REMINDED my ] [SL:DATE_TIME 6 a.m . ] reminder ]
reminder	Please show me all reminders about birthdays	[IN:GET_REMINDER Please [SL:METHOD_RETRIEVAL_REMINDER show ] [SL:PERSON_REMINDED me ] [SL:AMOUNT all ] reminders about [SL:TODO birthdays ] ]
reminder	Let me see my reminders	[IN:GET_REMINDER Let me [SL:METHOD_RETRIEVAL_REMINDER see ] [SL:PERSON_REMINDED my ] reminders ]
reminder	WHAT REMINDERS DO i HAVE FOR THE MONTH OF OCTOBER	[IN:GET_REMINDER WHAT REMINDERS DO [SL:PERSON_REMINDED i ] HAVE [SL:DATE_TIME FOR THE MONTH OF OCTOBER ] ]
reminder	I dont want to miss the online chat at 10 pm , can you remind me at 3 pm .	[IN:CREATE_REMINDER I dont want to miss [SL:TODO [IN:GET_TODO [SL:TODO the online chat ] [SL:DATE_TIME at 10 pm ] ] ] , can you remind [SL:PERSON_REMINDED me ] [SL:DATE_TIME at 3 pm ] . ]
reminder	Remove reminders for Labor Day	[IN:DELETE_REMINDER Remove reminders [SL:DATE_TIME for Labor Day ] ]
reminder	Can you remind me daily to order more paint for the store	[IN:CREATE_REMINDER Can you remind [SL:PERSON_REMINDED me ] [SL:RECURRING_DATE_TIME [IN:GET_RECURRING_DATE_TIME [SL:FREQUENCY daily ] ] ] to [SL:TODO order more paint for the store ] ]
reminder	End my Tuesday reminder.	[IN:DELETE_REMINDER End [SL:PERSON_REMINDED my ] [SL:DATE_TIME Tuesday ] reminder . ]
reminder	Show me my reminders.	[IN:GET_REMINDER [SL:METHOD_RETRIEVAL_REMINDER Show ] me [SL:PERSON_REMINDED my ] reminders . ]
reminder	Update the reminder for the swim party to next Friday which is the rain date.	[IN:UPDATE_REMINDER_DATE_TIME Update the reminder for [SL:TODO the swim party ] [SL:DATE_TIME_NEW to next Friday ] which is the rain date . ]
reminder	Create a reminder to write a thank you note every Friday at 5pm.	[IN:CREATE_REMINDER Create a reminder to [SL:TODO write a thank you note ] [SL:RECURRING_DATE_TIME [IN:GET_RECURRING_DATE_TIME [SL:FREQUENCY every Friday ] [SL:DATE_TIME at 5 pm ] ] ] . ]
reminder	Set up a reminder for my husband to take the trash out on Tuesday night (Pacific Time) because I will be traveling out of the city for that day.	[IN:CREATE_REMINDER Set up a reminder for [SL:PERSON_REMINDED [IN:GET_CONTACT [SL:CONTACT_RELATED my ] [SL:TYPE_RELATION husband ] ] ] to [SL:TODO [IN:GET_TODO [SL:TODO take the trash out ] [SL:DATE_TIME on Tuesday night ( Pacific Time ) ] ] ] because I will be traveling out of the city for that day . ]
reminder	Delete the dinner party reminder for Sunday	[IN:DELETE_REMINDER Delete the [SL:TODO dinner party ] reminder [SL:DATE_TIME for Sunday ] ]
reminder	please get rid of the reminder for dinner tomorrow	[IN:DELETE_REMINDER please get rid of the reminder for [SL:TODO dinner ] [SL:DATE_TIME tomorrow ] ]
reminder	Add buy Maggie a birthday gift to today's reminder.	[IN:UPDATE_REMINDER_TODO Add [SL:TODO_NEW buy Maggie a birthday gift ] [SL:DATE_TIME to today ] 's reminder . ]
reminder	Please remove my reminders for shopping on next Tuesday.	[IN:DELETE_REMINDER Please remove [SL:PERSON_REMINDED my ] reminders for [SL:TODO shopping ] [SL:DATE_TIME on next Tuesday ] . ]
reminder	Display all reminders for the upcoming week	[IN:GET_REMINDER [SL:METHOD_RETRIEVAL_REMINDER Display ] [SL:AMOUNT all ] reminders [SL:DATE_TIME for the upcoming week ] ]
reminder	i dont want to miss the flight so please set my alert for 4 hours in advance instead of 2	[IN:UPDATE_REMINDER_DATE_TIME i dont want to miss [SL:TODO the flight ] so please set [SL:PERSON_REMINDED my ] alert [SL:DATE_TIME_NEW for 4 hours in advance ] instead [SL:DATE_TIME of 2 ] ]
reminder	Update my alert for dinner plans with the girls to tonight	[IN:UPDATE_REMINDER_DATE_TIME Update [SL:PERSON_REMINDED my ] alert for [SL:TODO dinner plans ] with [SL:ATTENDEE the girls ] [SL:DATE_TIME_NEW to tonight ] ]
reminder	Set up a reminder for my Omeprazol pills every day at 8:00 am	[IN:CREATE_REMINDER Set up a reminder for [SL:TODO my Omeprazol pills ] [SL:RECURRING_DATE_TIME [IN:GET_RECURRING_DATE_TIME [SL:FREQUENCY every day ] [SL:DATE_TIME at 8 : 00 am ] ] ] ]
reminder	remind me to text Donna about office schedule	[IN:CREATE_REMINDER remind [SL:PERSON_REMINDED me ] to [SL:TODO [IN:SEND_MESSAGE text [SL:RECIPIENT Donna ] about [SL:CONTENT_EXACT office schedule ] ] ] ]
reminder	Remind me about dad's birthday on Tuesday instead of Thursday.	[IN:UPDATE_REMINDER_DATE_TIME Remind [SL:PERSON_REMINDED me ] about [SL:TODO dad 's birthday ] [SL:DATE_TIME_NEW on Tuesday ] instead [SL:DATE_TIME of Thursday ] . ]
reminder	delete my book club reminder	[IN:DELETE_REMINDER delete [SL:PERSON_REMINDED my ] [SL:TODO book club ] reminder ]
reminder	Remove the reminder about Saturday's house showing.	[IN:DELETE_REMINDER Remove the reminder about [SL:TODO [IN:GET_TODO [SL:DATE_TIME Saturday ] 's [SL:TODO house showing ] ] ] . ]
reminder	Show me reminders for next week.	[IN:GET_REMINDER [SL:METHOD_RETRIEVAL_REMINDER Show ] [SL:PERSON_REMINDED me ] reminders [SL:DATE_TIME for next week ] . ]
reminder	please remove all my reminder	[IN:DELETE_REMINDER please remove [SL:AMOUNT all ] [SL:PERSON_REMINDED my ] reminder ]
reminder	Change my trash reminder to Monday evening at 7pm.	[IN:UPDATE_REMINDER_DATE_TIME Change [SL:PERSON_REMINDED my ] [SL:TODO trash ] reminder [SL:DATE_TIME_NEW to Monday evening at 7 pm ] . ]
reminder	Show me my reminders for October.	[IN:GET_REMINDER [SL:METHOD_RETRIEVAL_REMINDER Show ] me [SL:PERSON_REMINDED my ] reminders [SL:DATE_TIME for October ] . ]
reminder	update lab work reminder to next monday instead of tomorrow	[IN:UPDATE_REMINDER_DATE_TIME update [SL:TODO lab work ] reminder [SL:DATE_TIME_NEW to next monday ] instead [SL:DATE_TIME of tomorrow ] ]
reminder	Show me what reminders I have set for tomorrow.	[IN:GET_REMINDER [SL:METHOD_RETRIEVAL_REMINDER Show ] me what reminders [SL:PERSON_REMINDED I ] have set [SL:DATE_TIME for tomorrow ] . ]
reminder	What's my next reminder this morning, and is it for my workout class?	[IN:GET_REMINDER What 's [SL:PERSON_REMINDED my ] [SL:ORDINAL next ] reminder [SL:DATE_TIME this morning ] , and is it for [SL:TODO my workout class ] ? ]
reminder	Add Mike to my reminder of people who I need to call.	[IN:UPDATE_REMINDER_TODO Add [SL:TODO_NEW Mike ] to [SL:PERSON_REMINDED my ] reminder of [SL:TODO people who I need to call ] . ]
reminder	Set a reminder for 6 PM every Sunday to make the kids lunch for the next day.	[IN:CREATE_REMINDER Set a reminder [SL:RECURRING_DATE_TIME [IN:GET_RECURRING_DATE_TIME [SL:DATE_TIME for 6 PM ] [SL:FREQUENCY every Sunday ] ] ] to [SL:TODO [IN:GET_TODO [SL:TODO make the kids lunch ] [SL:DATE_TIME for the next day ] ] ] . ]
reminder	Change the reminder for the football moms to August 17.	[IN:UPDATE_REMINDER_DATE_TIME Change the reminder for the [SL:PERSON_REMINDED football moms ] [SL:DATE_TIME_NEW to August 17 ] . ]
reminder	Remind me on Friday morning that two packages are supposed to arrive that day.	[IN:CREATE_REMINDER Remind [SL:PERSON_REMINDED me ] [SL:DATE_TIME on Friday morning ] that [SL:TODO [IN:GET_TODO [SL:TODO two packages are supposed to arrive ] [SL:DATE_TIME that day ] ] ] . ]
reminder	When are our lunch reminders that are set for the next month.	[IN:GET_REMINDER_DATE_TIME When are [SL:PERSON_REMINDED our ] [SL:TODO lunch ] reminders that are set [SL:DATE_TIME for the next month ] . ]
reminder	Remind me to send an email to Sarah tonight.	[IN:CREATE_REMINDER Remind [SL:PERSON_REMINDED me ] to [SL:TODO [IN:SEND_MESSAGE send an email to [SL:RECIPIENT Sarah ] ] ] [SL:DATE_TIME tonight ] . ]
reminder	read me all my reminders about my work	[IN:GET_REMINDER [SL:METHOD_RETRIEVAL_REMINDER read ] me [SL:AMOUNT all ] [SL:PERSON_REMINDED my ] reminders about [SL:TODO my work ] ]
reminder	locate the peaches reminder and note that the market is opening late	[IN:UPDATE_REMINDER_TODO locate the [SL:TODO peaches ] reminder and note that [SL:TODO_NEW the market is opening late ] ]
reminder	Show me weekend reminders for family.	[IN:GET_REMINDER [SL:METHOD_RETRIEVAL_REMINDER Show ] [SL:PERSON_REMINDED me ] [SL:DATE_TIME weekend ] reminders for [SL:TODO family ] . ]
reminder	Delete all the hiking group reminders.	[IN:DELETE_REMINDER Delete [SL:AMOUNT all ] the [SL:TODO hiking group ] reminders . ]
reminder	can you delete all of my reminders for mondays please	[IN:DELETE_REMINDER can you delete [SL:AMOUNT all ] of [SL:PERSON_REMINDED my ] reminders [SL:RECURRING_DATE_TIME [IN:GET_RECURRING_DATE_TIME [SL:DATE_TIME for mondays ] ] ] please ]
reminder	Change my Intro to math schedule reminder to Tuesdays at 6pm	[IN:UPDATE_REMINDER Change [SL:PERSON_REMINDED my ] [SL:TODO Intro to math schedule ] reminder [SL:RECURRING_DATE_TIME_NEW [IN:GET_RECURRING_DATE_TIME [SL:DATE_TIME to Tuesdays at 6 pm ] ] ] ]
reminder	Update the reminder to text Bill at 2 PM to say that I should text Billy instead.	[IN:UPDATE_REMINDER_TODO Update the reminder to [SL:TODO [IN:SEND_MESSAGE text [SL:RECIPIENT Bill ] ] ] [SL:DATE_TIME at 2 PM ] to say that [SL:PERSON_REMINDED I ] should [SL:TODO_NEW [IN:SEND_MESSAGE text [SL:RECIPIENT Billy ] ] ] instead . ]
reminder	Show all my doctor appointment reminders.	[IN:GET_REMINDER [SL:METHOD_RETRIEVAL_REMINDER Show ] [SL:AMOUNT all ] [SL:PERSON_REMINDED my ] [SL:TODO doctor appointment ] reminders . ]
reminder	when is my next reminder for	[IN:GET_REMINDER_DATE_TIME when is [SL:PERSON_REMINDED my ] [SL:ORDINAL next ] reminder for ]
reminder	How many meeting reminders do I have set for next week?	[IN:GET_REMINDER_AMOUNT How many [SL:TODO meeting ] reminders do [SL:PERSON_REMINDED I ] have set [SL:DATE_TIME for next week ] ? ]
reminder	What are all my email reminders for this upcoming week?	[IN:GET_REMINDER What are [SL:AMOUNT all ] [SL:PERSON_REMINDED my ] [SL:TODO [IN:SEND_MESSAGE email ] ] reminders [SL:DATE_TIME for this upcoming week ] ? ]
reminder	Remove the alert on Meeting with Debbie	[IN:DELETE_REMINDER Remove the alert on [SL:TODO [IN:GET_TODO [SL:TODO Meeting ] with [SL:ATTENDEE Debbie ] ] ] ]
reminder	When is the reminder I set for attending the wedding?	[IN:GET_REMINDER_DATE_TIME When is the reminder [SL:PERSON_REMINDED I ] set for [SL:TODO attending the wedding ] ? ]
reminder	add to my reminder for an oil change to rotate the tires	[IN:UPDATE_REMINDER_TODO add to [SL:PERSON_REMINDED my ] reminder for [SL:TODO an oil change ] to [SL:TODO_NEW rotate the tires ] ]
reminder	what is my last reminder of Monday?	[IN:GET_REMINDER what is [SL:PERSON_REMINDED my ] [SL:ORDINAL last ] reminder [SL:DATE_TIME of Monday ] ? ]
reminder	Show me where my lunch reminder is for ..	[IN:GET_REMINDER_LOCATION [SL:METHOD_RETRIEVAL_REMINDER Show ] me where [SL:PERSON_REMINDED my ] [SL:TODO lunch ] reminder is for . . ]
reminder	cancel reminder for emailing john	[IN:DELETE_REMINDER cancel reminder for [SL:TODO [IN:SEND_MESSAGE emailing [SL:RECIPIENT john ] ] ] ]
reminder	Change the reminder to mow the yard from Saturday to weekly on Wednesdays.	[IN:UPDATE_REMINDER Change the reminder to [SL:TODO mow the yard ] [SL:DATE_TIME from Saturday ] [SL:RECURRING_DATE_TIME_NEW [IN:GET_RECURRING_DATE_TIME to [SL:FREQUENCY weekly ] [SL:DATE_TIME on Wednesdays ] ] ] . ]
reminder	I forgot; what time is my dinner reminder tonight?	[IN:GET_REMINDER_DATE_TIME I forgot ; what time is [SL:PERSON_REMINDED my ] [SL:TODO dinner ] reminder [SL:DATE_TIME tonight ] ? ]
reminder	delete the reminder to go car shopping with john the day after tomorrow	[IN:DELETE_REMINDER delete the reminder to [SL:TODO [IN:GET_TODO [SL:TODO go car shopping ] with [SL:ATTENDEE john ] ] ] [SL:DATE_TIME the day after tomorrow ] ]
reminder	Revise the reminder to pay the rent to the 27th of every month.	[IN:UPDATE_REMINDER Revise the reminder to [SL:TODO pay the rent ] [SL:RECURRING_DATE_TIME_NEW [IN:GET_RECURRING_DATE_TIME [SL:DATE_TIME to the 27th ] of [SL:FREQUENCY every month ] ] ] . ]
reminder	When is my next quarterly report reminder	[IN:GET_REMINDER_DATE_TIME When is [SL:PERSON_REMINDED my ] [SL:ORDINAL next ] [SL:TODO quarterly report ] reminder ]
reminder	Remind me to text Sally at 3 to bring a dessert.	[IN:CREATE_REMINDER Remind [SL:PERSON_REMINDED me ] to [SL:TODO [IN:GET_TODO [SL:TODO [IN:SEND_MESSAGE text [SL:RECIPIENT Sally ] ] ] [SL:DATE_TIME at 3 ] to [SL:TODO bring a dessert ] ] ] . ]
reminder	When is my reminder about my parent's visiting?	[IN:GET_REMINDER_DATE_TIME When is [SL:PERSON_REMINDED my ] reminder about [SL:TODO my parent 's visiting ] ? ]
reminder	I had a reminder for an appt with dr watson, cancel it	[IN:DELETE_REMINDER [SL:PERSON_REMINDED I ] had a reminder for [SL:TODO [IN:GET_TODO [SL:TODO an appt ] with [SL:ATTENDEE dr watson ] ] ] , cancel it ]
reminder	Do you have a reminder for my next hair appointment?	[IN:GET_REMINDER Do you have a reminder for [SL:PERSON_REMINDED my ] [SL:ORDINAL next ] [SL:TODO hair appointment ] ? ]
reminder	What is my next reminder for work this week?	[IN:GET_REMINDER What is [SL:PERSON_REMINDED my ] [SL:ORDINAL next ] reminder for [SL:TODO work ] [SL:DATE_TIME this week ] ? ]
reminder	Submit marketing proposal tomorrow before meeting with Sarah reminder	[IN:CREATE_REMINDER [SL:TODO [IN:GET_TODO [SL:TODO Submit marketing proposal ] [SL:DATE_TIME tomorrow ] [SL:TODO before meeting ] with [SL:ATTENDEE Sarah ] ] ] reminder ]
reminder	Change trash reminder from Wednesday to mondays	[IN:UPDATE_REMINDER Change [SL:TODO trash ] reminder [SL:DATE_TIME from Wednesday ] [SL:RECURRING_DATE_TIME_NEW [IN:GET_RECURRING_DATE_TIME [SL:DATE_TIME to mondays ] ] ] ]
reminder	Remind Dad that his appointment is Friday at 4:30.	[IN:CREATE_REMINDER Remind [SL:PERSON_REMINDED [IN:GET_CONTACT [SL:TYPE_RELATION Dad ] ] ] that [SL:TODO his appointment is ] [SL:DATE_TIME Friday at 4 : 30 ] . ]
reminder	Delete the reminder to meet with my dad on Sunday.	[IN:DELETE_REMINDER Delete the reminder to [SL:TODO [IN:GET_TODO [SL:TODO meet ] with [SL:ATTENDEE [IN:GET_CONTACT [SL:CONTACT_RELATED my ] [SL:TYPE_RELATION dad ] ] ] ] ] [SL:DATE_TIME on Sunday ] . ]
reminder	Remind me to reply to Vickie that I can meet with her on Monday	[IN:CREATE_REMINDER Remind [SL:PERSON_REMINDED me ] to [SL:TODO [IN:REPLY_MESSAGE reply to [SL:RECIPIENT Vickie ] that [SL:CONTENT_EXACT I can meet with her on Monday ] ] ] ]
reminder	Remind me to schedule an appointment with the doctor tomorrow	[IN:CREATE_REMINDER Remind [SL:PERSON_REMINDED me ] to [SL:TODO [IN:GET_TODO [SL:TODO schedule an appointment ] with [SL:ATTENDEE the doctor ] ] ] [SL:DATE_TIME tomorrow ] ]
reminder	Remind me to text Jessica tonight	[IN:CREATE_REMINDER Remind [SL:PERSON_REMINDED me ] to [SL:TODO [IN:SEND_MESSAGE text [SL:RECIPIENT Jessica ] ] ] [SL:DATE_TIME tonight ] ]
reminder	Change reminder for sales	[IN:UPDATE_REMINDER Change reminder for [SL:TODO sales ] ]
reminder	Remind me tonight to confirm tennis with Jill, Rocky, and Ron on Thursday	[IN:CREATE_REMINDER Remind [SL:PERSON_REMINDED me ] [SL:DATE_TIME tonight ] to [SL:TODO [IN:GET_TODO [SL:TODO confirm tennis ] with [SL:ATTENDEE Jill ] , [SL:ATTENDEE Rocky ] , and [SL:ATTENDEE Ron ] [SL:DATE_TIME on Thursday ] ] ] ]
reminder	Can you remind my sons to wish their grandpa a happy birthday on September 10th?	[IN:CREATE_REMINDER Can you remind [SL:PERSON_REMINDED [IN:GET_CONTACT [SL:CONTACT_RELATED my ] [SL:TYPE_RELATION sons ] ] ] to [SL:TODO wish their grandpa a happy birthday ] [SL:DATE_TIME on September 10th ] ? ]
reminder	how can i remove all reminders about my ex boyfriend	[IN:HELP_REMINDER how can i remove all reminders about my ex boyfriend ]
reminder	Remind me to text my dad about his car's repair.	[IN:CREATE_REMINDER Remind [SL:PERSON_REMINDED me ] to [SL:TODO [IN:SEND_MESSAGE text [SL:RECIPIENT [IN:GET_CONTACT [SL:CONTACT_RELATED my ] [SL:TYPE_RELATION dad ] ] ] about [SL:CONTENT_EXACT his car 's repair ] ] ] . ]
reminder	Show me where my conference meeting reminder is being held.	[IN:GET_REMINDER_LOCATION [SL:METHOD_RETRIEVAL_REMINDER Show ] me where [SL:PERSON_REMINDED my ] [SL:TODO conference meeting ] reminder is being held . ]
reminder	What is the next reminder I have coming up?	[IN:GET_REMINDER What is the [SL:ORDINAL next ] reminder [SL:PERSON_REMINDED I ] have coming up ? ]
reminder	when is my next party reminder	[IN:GET_REMINDER_DATE_TIME when is [SL:PERSON_REMINDED my ] [SL:ORDINAL next ] [SL:TODO party ] reminder ]
reminder	set up reminders to send emails  for sue's retirement party the 12th	[IN:CREATE_REMINDER set up reminders to [SL:TODO [IN:SEND_MESSAGE send emails for [SL:CONTENT_EXACT [IN:GET_EVENT [SL:ORGANIZER_EVENT sue ] 's [SL:CATEGORY_EVENT retirement party ] ] ] ] ] [SL:DATE_TIME the 12th ] ]
reminder	Add Larry to the reminder for meeting the guys on Sunday.	[IN:UPDATE_REMINDER Add [SL:PERSON_REMINDED_ADDED Larry ] to the reminder for [SL:TODO meeting the guys ] [SL:DATE_TIME on Sunday ] . ]
reminder	please update my daily reminder to be weekly	[IN:UPDATE_REMINDER please update [SL:PERSON_REMINDED my ] [SL:RECURRING_DATE_TIME [IN:GET_RECURRING_DATE_TIME [SL:FREQUENCY daily ] ] ] reminder to be [SL:RECURRING_DATE_TIME_NEW [IN:GET_RECURRING_DATE_TIME [SL:FREQUENCY weekly ] ] ] ]
reminder	Change the reminder for a 6:30 a.m. wake-up.	[IN:UPDATE_REMINDER Change the reminder for a [SL:DATE_TIME 6 : 30 a.m . ] [SL:TODO wake - up ] . ]
reminder	when is my next reminder for art class	[IN:GET_REMINDER_DATE_TIME when is [SL:PERSON_REMINDED my ] [SL:ORDINAL next ] reminder for [SL:TODO art class ] ]
reminder	Remind me to text Jenna about the potluck list on Saturday.	[IN:CREATE_REMINDER Remind [SL:PERSON_REMINDED me ] to [SL:TODO [IN:SEND_MESSAGE text [SL:RECIPIENT Jenna ] about [SL:CONTENT_EXACT the potluck list ] ] ] [SL:DATE_TIME on Saturday ] . ]
reminder	what time is this week's lunch reminders?	[IN:GET_REMINDER_DATE_TIME what time is [SL:DATE_TIME this week ] 's [SL:TODO lunch ] reminders ? ]
reminder	Remind me to text Christen, Hannah, Kaitlin, and James about dinner on Wednesday.	[IN:CREATE_REMINDER Remind [SL:PERSON_REMINDED me ] to [SL:TODO [IN:SEND_MESSAGE text [SL:RECIPIENT Christen ] , [SL:RECIPIENT Hannah ] , [SL:RECIPIENT Kaitlin ] , and [SL:RECIPIENT James ] about [SL:CONTENT_EXACT [IN:GET_EVENT [SL:CATEGORY_EVENT dinner ] ] ] ] ] [SL:DATE_TIME on Wednesday ] . ]
reminder	Where is the location of the reminder about brunch with mom on Sunday?	[IN:GET_REMINDER_LOCATION Where is the location of the reminder about [SL:TODO [IN:GET_TODO [SL:TODO brunch ] with [SL:ATTENDEE [IN:GET_CONTACT [SL:TYPE_RELATION mom ] ] ] ] ] [SL:DATE_TIME on Sunday ] ? ]
reminder	Show me how to make a reminder for the first week of each month of the year	[IN:HELP_REMINDER Show me how to make a reminder for the first week of each month of the year ]
reminder	what time is my next reminder set for	[IN:GET_REMINDER_DATE_TIME what time is [SL:PERSON_REMINDED my ] [SL:ORDINAL next ] reminder set for ]
reminder	Show me how to cancel reminders manually.	[IN:HELP_REMINDER Show me how to cancel reminders manually . ]
reminder	How many reminders do I have for Carl?	[IN:GET_REMINDER_AMOUNT How many reminders do [SL:PERSON_REMINDED I ] have for [SL:TODO Carl ] ? ]
reminder	Please change Work Trainings reminder from daily to weekly.	[IN:UPDATE_REMINDER Please change [SL:TODO Work Trainings ] reminder [SL:RECURRING_DATE_TIME [IN:GET_RECURRING_DATE_TIME from [SL:FREQUENCY daily ] ] ] [SL:RECURRING_DATE_TIME_NEW [IN:GET_RECURRING_DATE_TIME to [SL:FREQUENCY weekly ] ] ] . ]
reminder	where and what time does the dinner reminder say for tonight	[IN:GET_REMINDER_LOCATION where and what time does the [SL:TODO dinner ] reminder say [SL:DATE_TIME for tonight ] ]
reminder	how many reminders do i have set over the weekend?	[IN:GET_REMINDER_AMOUNT how many reminders do [SL:PERSON_REMINDED i ] have set [SL:DATE_TIME over the weekend ] ? ]
reminder	How many reminders do I have?	[IN:GET_REMINDER_AMOUNT How many reminders do [SL:PERSON_REMINDED I ] have ? ]
reminder	Remind me to email Susan Jackson the menu tomorrow at 1:30 pm.	[IN:CREATE_REMINDER Remind [SL:PERSON_REMINDED me ] to [SL:TODO [IN:SEND_MESSAGE email [SL:RECIPIENT Susan Jackson ] [SL:CONTENT_EXACT the menu ] ] ] [SL:DATE_TIME tomorrow at 1 : 30 pm ] . ]
reminder	Remind me at 3 pm to email Tom about the details of the meeting next Tuesday.	[IN:CREATE_REMINDER Remind [SL:PERSON_REMINDED me ] [SL:DATE_TIME at 3 pm ] to [SL:TODO [IN:SEND_MESSAGE email [SL:RECIPIENT Tom ] about [SL:CONTENT_EXACT [IN:GET_EVENT the details of [SL:CATEGORY_EVENT the meeting ] [SL:DATE_TIME next Tuesday ] ] ] ] ] . ]
reminder	How many reminders are scheduled for tomorrow?	[IN:GET_REMINDER_AMOUNT How many reminders are scheduled [SL:DATE_TIME for tomorrow ] ? ]
reminder	Get rid of all the alerts to my brother	[IN:DELETE_REMINDER Get rid of [SL:AMOUNT all ] the alerts to [SL:PERSON_REMINDED [IN:GET_CONTACT [SL:CONTACT_RELATED my ] [SL:TYPE_RELATION brother ] ] ] ]
reminder	Change the time of my last reminder	[IN:UPDATE_REMINDER Change the time of [SL:PERSON_REMINDED my ] [SL:ORDINAL last ] reminder ]
reminder	Remind me to email Lara about her business attire tomorrow at 5 pm.	[IN:CREATE_REMINDER Remind [SL:PERSON_REMINDED me ] to [SL:TODO [IN:SEND_MESSAGE email [SL:RECIPIENT Lara ] about [SL:CONTENT_EXACT her business attire ] ] ] [SL:DATE_TIME tomorrow at 5 pm ] . ]
reminder	Update Friday's group reminder to say BYOB	[IN:UPDATE_REMINDER_TODO Update [SL:DATE_TIME Friday ] 's [SL:PERSON_REMINDED group ] reminder to say [SL:TODO_NEW BYOB ] ]
reminder	How do I see all my reminders for next year?	[IN:HELP_REMINDER How do I see all my reminders for next year ? ]
reminder	Can you remind my husband to go shopping?	[IN:CREATE_REMINDER Can you remind [SL:PERSON_REMINDED [IN:GET_CONTACT [SL:CONTACT_RELATED my ] [SL:TYPE_RELATION husband ] ] ] to [SL:TODO go shopping ] ? ]
reminder	Add walking the dog reminder to my chores list.	[IN:UPDATE_REMINDER_TODO Add [SL:TODO_NEW walking the dog ] reminder to [SL:PERSON_REMINDED my ] [SL:TODO chores ] list . ]
reminder	Find all of my kids reminders from three weeks ago	[IN:GET_REMINDER Find [SL:AMOUNT all ] of [SL:PERSON_REMINDED [IN:GET_CONTACT [SL:CONTACT_RELATED my ] [SL:TYPE_RELATION kids ] ] ] reminders [SL:DATE_TIME from three weeks ago ] ]
reminder	Remind me to email all my income statements to the mortgage lender	[IN:CREATE_REMINDER Remind [SL:PERSON_REMINDED me ] to [SL:TODO [IN:SEND_MESSAGE email [SL:CONTENT_EXACT all my income statements ] to [SL:RECIPIENT the mortgage lender ] ] ] ]
reminder	Add pick up Ben's birthday cake to my errand reminders for tomorrow.	[IN:UPDATE_REMINDER_TODO Add [SL:TODO_NEW pick up Ben 's birthday cake ] to [SL:PERSON_REMINDED my ] [SL:TODO errand ] reminders [SL:DATE_TIME for tomorrow ] . ]
reminder	how many reminders do I have set for August 30?	[IN:GET_REMINDER_AMOUNT how many reminders do [SL:PERSON_REMINDED I ] have set [SL:DATE_TIME for August 30 ] ? ]
reminder	Add Liz to the birthday reminder list for Sarah's surprise party	[IN:UPDATE_REMINDER Add [SL:PERSON_REMINDED_ADDED Liz ] to the [SL:TODO birthday ] reminder list for [SL:TODO Sarah 's surprise party ] ]
reminder	Remind my brother about his interview on Friday.	[IN:CREATE_REMINDER Remind [SL:PERSON_REMINDED [IN:GET_CONTACT [SL:CONTACT_RELATED my ] [SL:TYPE_RELATION brother ] ] ] about [SL:TODO his interview ] [SL:DATE_TIME on Friday ] . ]
reminder	Get all my husband reminders.	[IN:GET_REMINDER Get [SL:AMOUNT all ] [SL:PERSON_REMINDED [IN:GET_CONTACT [SL:CONTACT_RELATED my ] [SL:TYPE_RELATION husband ] ] ] reminders . ]
reminder	Set reminder for grocery shopping to monthly instead of weekly.	[IN:UPDATE_REMINDER Set reminder for [SL:TODO grocery shopping ] [SL:RECURRING_DATE_TIME_NEW [IN:GET_RECURRING_DATE_TIME to [SL:FREQUENCY monthly ] ] ] instead [SL:RECURRING_DATE_TIME [IN:GET_RECURRING_DATE_TIME of [SL:FREQUENCY weekly ] ] ] . ]
reminder	Remind me to reply to Bamby that we can meet up for dinner on Friday.	[IN:CREATE_REMINDER Remind [SL:PERSON_REMINDED me ] to [SL:TODO [IN:REPLY_MESSAGE reply to [SL:RECIPIENT Bamby ] that [SL:CONTENT_EXACT we can meet up for dinner ] ] ] [SL:DATE_TIME on Friday ] . ]
reminder	Update my sales meeting reminders to be weekly	[IN:UPDATE_REMINDER Update [SL:PERSON_REMINDED my ] [SL:TODO sales meeting ] reminders to be [SL:RECURRING_DATE_TIME_NEW [IN:GET_RECURRING_DATE_TIME [SL:FREQUENCY weekly ] ] ] ]
reminder	Please remove my weekly reminder about choir practice and replace it with gym class.	[IN:UPDATE_REMINDER_TODO Please remove [SL:PERSON_REMINDED my ] [SL:RECURRING_DATE_TIME [IN:GET_RECURRING_DATE_TIME [SL:FREQUENCY weekly ] ] ] reminder about [SL:TODO choir practice ] and replace it with [SL:TODO_NEW gym class ] . ]
reminder	please update my work reminder for new meeting at 9 am every thursday now	[IN:UPDATE_REMINDER_TODO please update [SL:PERSON_REMINDED my ] [SL:TODO work ] reminder for [SL:TODO_NEW new meeting ] [SL:RECURRING_DATE_TIME_NEW [IN:GET_RECURRING_DATE_TIME [SL:DATE_TIME at 9 am ] [SL:FREQUENCY every thursday ] ] ] now ]
reminder	change the bowling night reminder to sunday mornings	[IN:UPDATE_REMINDER change the [SL:TODO bowling night ] reminder [SL:RECURRING_DATE_TIME_NEW [IN:GET_RECURRING_DATE_TIME [SL:DATE_TIME to sunday mornings ] ] ] ]
reminder	How many reminders do I have with AJ?	[IN:GET_REMINDER_AMOUNT How many reminders do [SL:PERSON_REMINDED I ] have [SL:TODO [IN:GET_TODO with [SL:ATTENDEE AJ ] ] ] ? ]
reminder	set an alert for tuesday at 6pm to message mike about the gathering	[IN:CREATE_REMINDER set an alert [SL:DATE_TIME for tuesday at 6 pm ] to [SL:TODO [IN:SEND_MESSAGE message [SL:RECIPIENT mike ] about [SL:CONTENT_EXACT [IN:GET_EVENT [SL:CATEGORY_EVENT the gathering ] ] ] ] ] ]
reminder	Remind me about my dinner with my friend betty at 8pm	[IN:CREATE_REMINDER Remind [SL:PERSON_REMINDED me ] about [SL:TODO [IN:GET_TODO [SL:TODO my dinner ] with [SL:ATTENDEE [IN:GET_CONTACT [SL:CONTACT_RELATED my ] [SL:TYPE_RELATION friend ] [SL:CONTACT betty ] ] ] ] ] [SL:DATE_TIME at 8 pm ] ]
reminder	Did I set a location for the concerts reminder	[IN:GET_REMINDER_LOCATION Did I set a location for the [SL:TODO concerts ] reminder ]
reminder	Give me the reminder for the name of the farm where Tanner is getting married.	[IN:GET_REMINDER_LOCATION Give [SL:PERSON_REMINDED me ] the reminder for the name of the farm where [SL:TODO Tanner is getting married ] . ]
reminder	How do I see my reminders?	[IN:HELP_REMINDER How do I see my reminders ? ]
reminder	how many reminders do I have set for Friday evening?	[IN:GET_REMINDER_AMOUNT how many reminders do [SL:PERSON_REMINDED I ] have set [SL:DATE_TIME for Friday evening ] ? ]
reminder	Remind me to send my email reply to Maddy tonight.	[IN:CREATE_REMINDER Remind [SL:PERSON_REMINDED me ] to [SL:TODO [IN:REPLY_MESSAGE send [SL:SENDER my ] email reply to [SL:RECIPIENT Maddy ] ] ] [SL:DATE_TIME tonight ] . ]
reminder	i don’t remember where is the concert can you check the reminder	[IN:GET_REMINDER_LOCATION i don’t remember where is [SL:TODO the concert ] can you check the reminder ]
reminder	How many PM reminders are scheduled for cooking?	[IN:GET_REMINDER_AMOUNT How many [SL:DATE_TIME PM ] reminders are scheduled for [SL:TODO cooking ] ? ]
reminder	Please give me the locations of my next three reminders on Friday September 5th 2018 so I might get directions to each.	[IN:GET_REMINDER_LOCATION Please give me the locations of [SL:PERSON_REMINDED my ] [SL:ORDINAL next ] [SL:AMOUNT three ] reminders [SL:DATE_TIME on Friday September 5th 2018 ] so I might get directions to each . ]
reminder	How many reminders are listed this week for school?	[IN:GET_REMINDER_AMOUNT How many reminders are listed [SL:DATE_TIME this week ] for [SL:TODO school ] ? ]
reminder	add chey to daycare reminder on tuesday	[IN:UPDATE_REMINDER add [SL:PERSON_REMINDED_ADDED chey ] to [SL:TODO daycare ] reminder [SL:DATE_TIME on tuesday ] ]
reminder	Where do most of my reminders take place?	[IN:GET_REMINDER_LOCATION Where do most of [SL:PERSON_REMINDED my ] reminders take place ? ]
reminder	Remind me to reply to Eleanor about her project idea at 10 am tomorrow morning.	[IN:CREATE_REMINDER Remind [SL:PERSON_REMINDED me ] to [SL:TODO [IN:REPLY_MESSAGE reply to [SL:RECIPIENT Eleanor ] about [SL:CONTENT_EXACT her project idea ] ] ] [SL:DATE_TIME at 10 am tomorrow morning ] . ]
reminder	Where is the location for my meeting reminder?	[IN:GET_REMINDER_LOCATION Where is the location for [SL:PERSON_REMINDED my ] [SL:TODO meeting ] reminder ? ]
reminder	How do I find reminders for homework due dates	[IN:HELP_REMINDER How do I find reminders for homework due dates ]
reminder	Remind me to send Enrichment emails to teachers on Monday	[IN:CREATE_REMINDER Remind [SL:PERSON_REMINDED me ] to [SL:TODO [IN:SEND_MESSAGE send [SL:CONTENT_EXACT Enrichment ] emails to [SL:RECIPIENT [IN:GET_CONTACT [SL:JOB teachers ] ] ] ] ] [SL:DATE_TIME on Monday ] ]
reminder	show me the reminder for the theater night with co-workers next month	[IN:GET_REMINDER [SL:METHOD_RETRIEVAL_REMINDER show ] [SL:PERSON_REMINDED me ] the reminder for [SL:TODO [IN:GET_TODO [SL:TODO the theater night ] with [SL:ATTENDEE [IN:GET_CONTACT [SL:MUTUAL_EMPLOYER co - workers ] ] ] ] ] [SL:DATE_TIME next month ] ]
reminder	include my sister on the reminder for mom's birthday	[IN:UPDATE_REMINDER include [SL:PERSON_REMINDED_ADDED [IN:GET_CONTACT [SL:CONTACT_RELATED my ] [SL:TYPE_RELATION sister ] ] ] on the reminder for [SL:TODO mom 's birthday ] ]
reminder	Remind me to reply to my team's email by noon today.	[IN:CREATE_REMINDER Remind [SL:PERSON_REMINDED me ] to [SL:TODO [IN:REPLY_MESSAGE reply to [SL:RECIPIENT my team ] 's email ] ] [SL:DATE_TIME by noon today ] . ]
reminder	Remind me to email Market Research LTD about non-payment.	[IN:CREATE_REMINDER Remind [SL:PERSON_REMINDED me ] to [SL:TODO [IN:SEND_MESSAGE email [SL:CONTACT Market Research LTD ] about [SL:CONTENT_EXACT non - payment ] ] ] . ]
reminder	Set an alert that will remind me to email my coworkers about our new access code.	[IN:CREATE_REMINDER Set an alert that will remind [SL:PERSON_REMINDED me ] to [SL:TODO [IN:SEND_MESSAGE email [SL:CONTACT my coworkers ] about [SL:CONTENT_EXACT our new access code ] ] ] . ]
reminder	Remind me to answer Carla’s email to let her know I can’t attend her luncheon	[IN:CREATE_REMINDER Remind [SL:PERSON_REMINDED me ] to [SL:TODO [IN:REPLY_MESSAGE answer [SL:RECIPIENT Carla ] ’s email to let her know [SL:CONTENT_EXACT I can’t attend her luncheon ] ] ] ]
reminder	Remind me of the dinner date with my cousin Adeola	[IN:CREATE_REMINDER Remind [SL:PERSON_REMINDED me ] of [SL:TODO [IN:GET_TODO [SL:TODO the dinner date ] with [SL:ATTENDEE [IN:GET_CONTACT [SL:CONTACT_RELATED my ] [SL:TYPE_RELATION cousin ] [SL:CONTACT Adeola ] ] ] ] ] ]
reminder	remind me to reply to susan	[IN:CREATE_REMINDER remind [SL:PERSON_REMINDED me ] to [SL:TODO [IN:REPLY_MESSAGE reply to [SL:RECIPIENT susan ] ] ] ]
reminder	remove mom from tonight's reminder	[IN:UPDATE_REMINDER remove [SL:PERSON_REMINDED_REMOVED [IN:GET_CONTACT [SL:TYPE_RELATION mom ] ] ] from [SL:DATE_TIME tonight ] 's reminder ]
reminder	What reminders does my husband Mark have for this month	[IN:GET_REMINDER What reminders does [SL:PERSON_REMINDED [IN:GET_CONTACT [SL:CONTACT_RELATED my ] [SL:TYPE_RELATION husband ] [SL:CONTACT Mark ] ] ] have [SL:DATE_TIME for this month ] ]
reminder	Help me make a reminder for my classes this semester.	[IN:HELP_REMINDER Help me make a reminder for my classes this semester . ]
reminder	Remind me to send reply to claire	[IN:CREATE_REMINDER Remind [SL:PERSON_REMINDED me ] to [SL:TODO [IN:REPLY_MESSAGE send reply to [SL:RECIPIENT claire ] ] ] ]
reminder	I need to zip Eddie an email containing details about Tuesday's practice; please remind me every half hour until 11pm.	[IN:CREATE_REMINDER I need to [SL:TODO [IN:SEND_MESSAGE zip [SL:RECIPIENT Eddie ] an email containing details about [SL:CONTENT_EXACT [IN:GET_EVENT [SL:DATE_TIME Tuesday ] 's [SL:CATEGORY_EVENT practice ] ] ] ] ] ; please remind [SL:PERSON_REMINDED me ] [SL:RECURRING_DATE_TIME [IN:GET_RECURRING_DATE_TIME [SL:FREQUENCY every half hour ] [SL:DATE_TIME until 11 pm ] ] ] . ]
reminder	Remind me to reply to Justin's text message by Thursday and let him know that I won't be attending the graduation party.	[IN:CREATE_REMINDER Remind [SL:PERSON_REMINDED me ] to [SL:TODO [IN:GET_TODO [SL:TODO [IN:REPLY_MESSAGE reply to [SL:RECIPIENT Justin ] 's text message ] ] [SL:DATE_TIME by Thursday ] and [SL:TODO let him know that I won't be attending the graduation party ] ] ] . ]
reminder	How do I view all of my social engagement reminders?	[IN:HELP_REMINDER How do I view all of my social engagement reminders ? ]
reminder	Add Chris to the reminders for pool league this month.	[IN:UPDATE_REMINDER Add [SL:PERSON_REMINDED_ADDED Chris ] to the reminders for [SL:TODO pool league ] [SL:DATE_TIME this month ] . ]
reminder	remind me to respond to Jeffrey's email at 5pm	[IN:CREATE_REMINDER remind [SL:PERSON_REMINDED me ] to [SL:TODO [IN:REPLY_MESSAGE respond to [SL:RECIPIENT Jeffrey ] 's email ] ] [SL:DATE_TIME at 5 pm ] ]
reminder	Is there any way I can change the reminders dinner time to 5pm	[IN:HELP_REMINDER Is there any way I can change the reminders dinner time to 5 pm ]
reminder	How do I find my reminders for this month?	[IN:HELP_REMINDER How do I find my reminders for this month ? ]
reminder	Remind me to shoot an email to Theresa  about the meeting tonight	[IN:CREATE_REMINDER Remind [SL:PERSON_REMINDED me ] to [SL:TODO [IN:SEND_MESSAGE shoot an email to [SL:RECIPIENT Theresa ] about [SL:CONTENT_EXACT [IN:GET_EVENT [SL:CATEGORY_EVENT the meeting ] ] ] ] ] [SL:DATE_TIME tonight ] ]
reminder	please remind me on Saturday at 9 am to leave Justin a message about the upcoming meeting on Monday	[IN:CREATE_REMINDER please remind [SL:PERSON_REMINDED me ] [SL:DATE_TIME on Saturday at 9 am ] to [SL:TODO [IN:SEND_MESSAGE leave [SL:RECIPIENT Justin ] a message about [SL:CONTENT_EXACT [IN:GET_EVENT the upcoming [SL:CATEGORY_EVENT meeting ] [SL:DATE_TIME on Monday ] ] ] ] ] ]
reminder	Please show me reminders about lunch dates with my friends Sally and Diane	[IN:GET_REMINDER Please [SL:METHOD_RETRIEVAL_REMINDER show ] [SL:PERSON_REMINDED me ] reminders about [SL:TODO [IN:GET_TODO [SL:TODO lunch dates ] with [SL:ATTENDEE [IN:GET_CONTACT [SL:CONTACT_RELATED my ] [SL:TYPE_RELATION friends ] [SL:CONTACT Sally ] ] ] and [SL:ATTENDEE Diane ] ] ] ]
reminder	Delete the reminders to email Mom about the party.	[IN:DELETE_REMINDER Delete the reminders to [SL:TODO [IN:SEND_MESSAGE email [SL:RECIPIENT [IN:GET_CONTACT [SL:TYPE_RELATION Mom ] ] ] about [SL:CONTENT_EXACT [IN:GET_EVENT [SL:CATEGORY_EVENT the party ] ] ] ] ] . ]
reminder	Remind Uncle Max to feed the pets every day at 10am this week.	[IN:CREATE_REMINDER Remind [SL:PERSON_REMINDED [IN:GET_CONTACT [SL:TYPE_RELATION Uncle ] [SL:CONTACT Max ] ] ] to [SL:TODO feed the pets ] [SL:RECURRING_DATE_TIME [IN:GET_RECURRING_DATE_TIME [SL:FREQUENCY every day ] [SL:DATE_TIME at 10 am this week ] ] ] . ]
reminder	remind me to text Kathy about the party.	[IN:CREATE_REMINDER remind [SL:PERSON_REMINDED me ] to [SL:TODO [IN:SEND_MESSAGE text [SL:RECIPIENT Kathy ] about [SL:CONTENT_EXACT [IN:GET_EVENT [SL:CATEGORY_EVENT the party ] ] ] ] ] . ]
reminder	add Brad to the party reminder for mom and dad	[IN:UPDATE_REMINDER add [SL:PERSON_REMINDED_ADDED Brad ] to the [SL:TODO party ] reminder for [SL:PERSON_REMINDED [IN:GET_CONTACT [SL:TYPE_RELATION mom ] ] ] and [SL:PERSON_REMINDED [IN:GET_CONTACT [SL:TYPE_RELATION dad ] ] ] ]
reminder	Delete the reminder to send a friend anniversary message to Maura on Facebook.	[IN:DELETE_REMINDER Delete the reminder to [SL:TODO [IN:SEND_MESSAGE send a [SL:CONTENT_EXACT friend anniversary ] message to [SL:RECIPIENT Maura ] on [SL:NAME_APP Facebook ] ] ] . ]
reminder	Add Bob to my reminder regarding employment.	[IN:UPDATE_REMINDER Add [SL:PERSON_REMINDED_ADDED Bob ] to [SL:PERSON_REMINDED my ] reminder regarding [SL:TODO employment ] . ]
reminder	Remind me to email Eva about dad's birthday celebration next week.	[IN:CREATE_REMINDER Remind [SL:PERSON_REMINDED me ] to [SL:TODO [IN:SEND_MESSAGE email [SL:RECIPIENT Eva ] about [SL:CONTENT_EXACT [IN:GET_EVENT [SL:ORGANIZER_EVENT [IN:GET_CONTACT [SL:TYPE_RELATION dad ] ] ] 's [SL:CATEGORY_EVENT birthday celebration ] ] ] ] ] [SL:DATE_TIME next week ] . ]
reminder	Add Brian and Matt to all reminders involving steak dinner this month.	[IN:UPDATE_REMINDER Add [SL:PERSON_REMINDED_ADDED Brian ] and [SL:PERSON_REMINDED_ADDED Matt ] to [SL:AMOUNT all ] reminders involving [SL:TODO steak dinner ] [SL:DATE_TIME this month ] . ]
reminder	Set up a weekly reminder to email the team about updates on Friday Morning	[IN:CREATE_REMINDER Set up a [SL:RECURRING_DATE_TIME [IN:GET_RECURRING_DATE_TIME [SL:FREQUENCY weekly ] ] ] reminder to [SL:TODO [IN:GET_TODO [SL:TODO [IN:SEND_MESSAGE email [SL:GROUP the team ] about [SL:CONTENT_EXACT updates ] ] ] [SL:DATE_TIME on Friday Morning ] ] ] ]
reminder	Remind me to email Stephen about work conference.	[IN:CREATE_REMINDER Remind [SL:PERSON_REMINDED me ] to [SL:TODO [IN:SEND_MESSAGE email [SL:CONTACT Stephen ] about [SL:CONTENT_EXACT work conference ] ] ] . ]
reminder	add chris to the list of reminders for the party on tuesday	[IN:UPDATE_REMINDER add [SL:PERSON_REMINDED_ADDED chris ] to the list of reminders for [SL:TODO the party ] [SL:DATE_TIME on tuesday ] ]
reminder	remind me the breakfast with my friend vicki please	[IN:CREATE_REMINDER remind [SL:PERSON_REMINDED me ] [SL:TODO [IN:GET_TODO [SL:TODO the breakfast ] with [SL:ATTENDEE [IN:GET_CONTACT [SL:CONTACT_RELATED my ] [SL:TYPE_RELATION friend ] [SL:CONTACT vicki ] ] ] ] ] please ]
reminder	Please send my sister Donna a reminder tomorrow about Keith's surgery on Wednesday	[IN:CREATE_REMINDER Please send [SL:PERSON_REMINDED [IN:GET_CONTACT [SL:CONTACT_RELATED my ] [SL:TYPE_RELATION sister ] [SL:CONTACT Donna ] ] ] a reminder [SL:DATE_TIME tomorrow ] about [SL:TODO [IN:GET_TODO [SL:TODO Keith 's surgery ] [SL:DATE_TIME on Wednesday ] ] ] ]
reminder	remind those invited to the event I'm hosting this week that the event begins at 6 pm	[IN:CREATE_REMINDER remind [SL:PERSON_REMINDED [IN:GET_EVENT_ATTENDEE those invited to the event [SL:ORGANIZER_EVENT I'm ] hosting [SL:DATE_TIME this week ] ] ] that [SL:TODO the event begins ] [SL:DATE_TIME at 6 pm ] ]
reminder	remove Steve from my group reminder for my party for mom and day	[IN:UPDATE_REMINDER remove [SL:PERSON_REMINDED_REMOVED Steve ] from my [SL:PERSON_REMINDED group ] reminder for [SL:TODO my party for mom and day ] ]
reminder	Remove Gary from all reminders I have setup with him included.	[IN:UPDATE_REMINDER Remove [SL:PERSON_REMINDED_REMOVED Gary ] from [SL:AMOUNT all ] reminders I have setup with him included . ]
reminder	Can you add Tony to coming to 4 pm meeting in my reminder	[IN:UPDATE_REMINDER Can you add [SL:ATTENDEE_ADDED Tony ] to coming [SL:DATE_TIME to 4 pm ] [SL:TODO meeting ] in [SL:PERSON_REMINDED my ] reminder ]
reminder	Delete Ava on Parents group meeting reminder.	[IN:UPDATE_REMINDER Delete [SL:PERSON_REMINDED_REMOVED Ava ] on [SL:TODO Parents group meeting ] reminder . ]
reminder	change my meeting alert with kim to Lisa	[IN:UPDATE_REMINDER change [SL:PERSON_REMINDED my ] [SL:TODO meeting ] alert with [SL:ATTENDEE_REMOVED kim ] to [SL:ATTENDEE_ADDED Lisa ] ]
reminder	Change the reminder for John and not Tim.	[IN:UPDATE_REMINDER Change the reminder for [SL:PERSON_REMINDED_ADDED John ] and not [SL:PERSON_REMINDED_REMOVED Tim ] . ]
reminder	Can you remind me to send out my email marketing letter by Friday	[IN:CREATE_REMINDER Can you remind [SL:PERSON_REMINDED me ] to [SL:TODO [IN:SEND_MESSAGE send out [SL:SENDER my ] email [SL:CONTENT_EXACT marketing letter ] ] ] [SL:DATE_TIME by Friday ] ]
reminder	remove Jim from our reminder for the party next wednesday	[IN:UPDATE_REMINDER remove [SL:PERSON_REMINDED_REMOVED Jim ] from [SL:PERSON_REMINDED our ] reminder for [SL:TODO the party ] [SL:DATE_TIME next wednesday ] ]
reminder	Delete the reminder to send videos to Lisa on Kelly's accident.	[IN:DELETE_REMINDER Delete the reminder to [SL:TODO [IN:SEND_MESSAGE send [SL:TYPE_CONTENT videos ] to [SL:RECIPIENT Lisa ] on [SL:CONTENT_EXACT Kelly 's accident ] ] ] . ]
reminder	Set a reminder to email my coworkers by tonight.	[IN:CREATE_REMINDER Set a reminder to [SL:TODO [IN:SEND_MESSAGE email [SL:RECIPIENT [IN:GET_CONTACT [SL:CONTACT_RELATED my ] [SL:MUTUAL_EMPLOYER coworkers ] ] ] ] ] [SL:DATE_TIME by tonight ] . ]
reminder	set weekly reminder to email the test result to the cheer team saturday	[IN:CREATE_REMINDER set [SL:RECURRING_DATE_TIME [IN:GET_RECURRING_DATE_TIME [SL:FREQUENCY weekly ] ] ] reminder to [SL:TODO [IN:GET_TODO [SL:TODO [IN:SEND_MESSAGE email [SL:CONTENT_EXACT the test result ] to [SL:GROUP the cheer team ] ] ] [SL:DATE_TIME saturday ] ] ] ]
reminder	Change the reminder to send an 'I love you' message to my sister on facebook from  the 19th to the 23rd.	[IN:UPDATE_REMINDER_DATE_TIME Change the reminder to [SL:TODO [IN:SEND_MESSAGE send an ' [SL:CONTENT_EXACT I love you ] ' message to [SL:RECIPIENT [IN:GET_CONTACT [SL:CONTACT_RELATED my ] [SL:TYPE_RELATION sister ] ] ] on [SL:NAME_APP facebook ] ] ] [SL:DATE_TIME from the 19th ] [SL:DATE_TIME_NEW to the 23rd ] . ]
reminder	Remind me to send flowers to my wife on her birthday.	[IN:CREATE_REMINDER Remind [SL:PERSON_REMINDED me ] to [SL:TODO send flowers to my wife ] [SL:DATE_TIME [IN:GET_BIRTHDAY on [SL:CONTACT her ] birthday ] ] . ]
reminder	I need to reply to Billy about Sarah's baby shower; can you remind me in 3 days?	[IN:CREATE_REMINDER I need to [SL:TODO [IN:REPLY_MESSAGE reply to [SL:RECIPIENT Billy ] about [SL:CONTENT_EXACT [IN:GET_EVENT [SL:ORGANIZER_EVENT Sarah ] 's [SL:CATEGORY_EVENT baby shower ] ] ] ] ] ; can you remind [SL:PERSON_REMINDED me ] [SL:DATE_TIME in 3 days ] ? ]
reminder	Remind me to send an email to all IT group members that the team building excursion will be canceled due to bad weather at 2:00 pm.	[IN:CREATE_REMINDER Remind [SL:PERSON_REMINDED me ] to [SL:TODO [IN:SEND_MESSAGE send an email to all [SL:GROUP IT ] group members that [SL:CONTENT_EXACT the team building excursion will be canceled due to bad weather ] ] ] [SL:DATE_TIME at 2 : 00 pm ] . ]
reminder	Add James to my bachelor party reminder.	[IN:UPDATE_REMINDER Add [SL:ATTENDEE_ADDED James ] to [SL:PERSON_REMINDED my ] [SL:TODO bachelor party ] reminder . ]
reminder	Cancel the reminder about dinner with my younger sister this Saturday night.	[IN:DELETE_REMINDER Cancel the reminder about [SL:TODO [IN:GET_TODO [SL:TODO dinner ] with [SL:ATTENDEE [IN:GET_CONTACT [SL:CONTACT_RELATED my ] [SL:AGE younger ] [SL:TYPE_RELATION sister ] ] ] ] ] [SL:DATE_TIME this Saturday night ] . ]
reminder	Update my reminder for my meeting with Mary Spear to include Linda Adams and Pam Morgan.	[IN:UPDATE_REMINDER Update [SL:PERSON_REMINDED my ] reminder for [SL:TODO my meeting ] with [SL:ATTENDEE Mary Spear ] to include [SL:ATTENDEE_ADDED Linda Adams ] and [SL:ATTENDEE_ADDED Pam Morgan ] . ]
reminder	Remind me to reply to Jim about our lunch meeting	[IN:CREATE_REMINDER Remind [SL:PERSON_REMINDED me ] to [SL:TODO [IN:REPLY_MESSAGE reply to [SL:RECIPIENT Jim ] about [SL:CONTENT_EXACT [IN:GET_EVENT [SL:ORGANIZER_EVENT our ] [SL:CATEGORY_EVENT lunch meeting ] ] ] ] ] ]
