domain	utterance	seqlogical
weather	How hot is it today for Dehli in degrees fahrenheit	[IN:GET_WEATHER How [SL:WEATHER_ATTRIBUTE hot ] is it [SL:DATE_TIME today ] for [SL:LOCATION Dehli ] in degrees [SL:WEATHER_TEMPERATURE_UNIT fahrenheit ] ]
weather	Will it rain this morning ?	[IN:GET_WEATHER Will it [SL:WEATHER_ATTRIBUTE rain ] [SL:DATE_TIME this morning ] ? ]
weather	Is it going to snow tomorrow?	[IN:GET_WEATHER Is it going to [SL:WEATHER_ATTRIBUTE snow ] [SL:DATE_TIME tomorrow ] ? ]
weather	How warm is it in Pottstown, PA today	[IN:GET_WEATHER How [SL:WEATHER_ATTRIBUTE warm ] is it in Pottstown , PA [SL:DATE_TIME today ] ]
weather	What's the weather forecast on May 13th?	[IN:GET_WEATHER What 's the weather forecast [SL:DATE_TIME on May 13th ] ? ]
weather	what was the hottest day in september last year	[IN:UNSUPPORTED_WEATHER what was the [SL:WEATHER_ATTRIBUTE hottest ] day [SL:DATE_TIME in september last year ] ]
weather	Is it going to be below 67 in degrees F near Beijing tonight	[IN:GET_WEATHER Is it going to be [SL:WEATHER_ATTRIBUTE below ] [SL:WEATHER_ATTRIBUTE 67 ] in degrees [SL:WEATHER_TEMPERATURE_UNIT F ] near [SL:LOCATION Beijing ] [SL:DATE_TIME tonight ] ]
weather	will it snow	[IN:GET_WEATHER will it [SL:WEATHER_ATTRIBUTE snow ] ]
weather	Can I get into the pool today?	[IN:GET_WEATHER Can I get into the pool [SL:DATE_TIME today ] ? ]
weather	Please tell me the weather for 4pm	[IN:GET_WEATHER Please tell me the weather [SL:DATE_TIME for 4 pm ] ]
weather	Nice weather outside	[IN:UNSUPPORTED_WEATHER [SL:WEATHER_ATTRIBUTE Nice ] weather outside ]
weather	When is the next chance for rain going to be?	[IN:GET_WEATHER When is the next chance for [SL:WEATHER_ATTRIBUTE rain ] going to be ? ]
weather	Will I need mittens today?	[IN:GET_WEATHER Will I need [SL:WEATHER_ATTRIBUTE mittens ] [SL:DATE_TIME today ] ? ]
weather	How warm should I dress today?	[IN:GET_WEATHER How [SL:WEATHER_ATTRIBUTE warm ] should I dress [SL:DATE_TIME today ] ? ]
weather	Tell me the weather forecast for the weekend	[IN:GET_WEATHER Tell me the weather forecast [SL:DATE_TIME for the weekend ] ]
weather	weather in florida	[IN:GET_WEATHER weather in [SL:LOCATION florida ] ]
weather	Temperature today in Shanghai Fahrenheit	[IN:GET_WEATHER Temperature [SL:DATE_TIME today ] in [SL:LOCATION Shanghai ] [SL:WEATHER_TEMPERATURE_UNIT Fahrenheit ] ]
weather	Is it going to be cloudy today?	[IN:GET_WEATHER Is it going to be [SL:WEATHER_ATTRIBUTE cloudy ] [SL:DATE_TIME today ] ? ]
weather	What will my work week weather be like	[IN:GET_WEATHER What will my [SL:DATE_TIME work week ] weather be like ]
weather	What is the rainfall prediction in millimeters	[IN:GET_WEATHER What is the [SL:WEATHER_ATTRIBUTE rainfall ] prediction in millimeters ]
weather	how's the weather in Beijing?	[IN:GET_WEATHER how 's the weather in [SL:LOCATION Beijing ] ? ]
weather	is it going to rain today?	[IN:GET_WEATHER is it going to [SL:WEATHER_ATTRIBUTE rain ] [SL:DATE_TIME today ] ? ]
weather	Will it be hot in Oregon today?	[IN:GET_WEATHER Will it be [SL:WEATHER_ATTRIBUTE hot ] in [SL:LOCATION Oregon ] [SL:DATE_TIME today ] ? ]
weather	Is it nice out today?	[IN:GET_WEATHER Is it [SL:WEATHER_ATTRIBUTE nice ] [SL:LOCATION out ] [SL:DATE_TIME today ] ? ]
weather	when is the snow expected this week	[IN:GET_WEATHER when is the [SL:WEATHER_ATTRIBUTE snow ] expected [SL:DATE_TIME this week ] ]
weather	what time is sunrise tomorrow	[IN:GET_SUNRISE what time is sunrise [SL:DATE_TIME tomorrow ] ]
weather	What is the temperature downtown right now	[IN:GET_WEATHER What is the temperature [SL:LOCATION downtown ] right now ]
weather	Tonight's weather	[IN:GET_WEATHER [SL:DATE_TIME Tonight ] 's weather ]
weather	what is the temperature right now?	[IN:GET_WEATHER what is the temperature right now ? ]
weather	Forecast for Greece	[IN:GET_WEATHER Forecast for [SL:LOCATION Greece ] ]
weather	how hot will it get today	[IN:GET_WEATHER how [SL:WEATHER_ATTRIBUTE hot ] will it get [SL:DATE_TIME today ] ]
weather	What will the weather be like at 6am on Anzac Day in Perth, Australia?	[IN:GET_WEATHER What will the weather be like [SL:DATE_TIME at 6 am on Anzac Day ] in [SL:LOCATION Perth , Australia ] ? ]
weather	What is the weather going to be tomorrow morning?	[IN:GET_WEATHER What is the weather going to be [SL:DATE_TIME tomorrow morning ] ? ]
weather	What is the weather today?	[IN:GET_WEATHER What is the weather [SL:DATE_TIME today ] ? ]
weather	How's the weather?	[IN:GET_WEATHER How 's the weather ? ]
weather	Will today be sunny or cloudy	[IN:GET_WEATHER Will [SL:DATE_TIME today ] be [SL:WEATHER_ATTRIBUTE sunny ] or [SL:WEATHER_ATTRIBUTE cloudy ] ]
weather	How many mills of rain did we get?	[IN:GET_WEATHER How many mills of [SL:WEATHER_ATTRIBUTE rain ] did we get ? ]
weather	when are the temperatures going to drop	[IN:GET_WEATHER when are the temperatures going to drop ]
weather	What is the weather at the beach?	[IN:GET_WEATHER What is the weather at the [SL:LOCATION beach ] ? ]
weather	Do I need a rain jacket at the Denver Zoo today?	[IN:GET_WEATHER Do I need a [SL:WEATHER_ATTRIBUTE rain jacket ] at the [SL:LOCATION Denver Zoo ] [SL:DATE_TIME today ] ? ]
weather	What's the weather going to be next week in Florida?	[IN:GET_WEATHER What 's the weather going to be [SL:DATE_TIME next week ] in [SL:LOCATION Florida ] ? ]
weather	I want to know the weather in Queensland.	[IN:GET_WEATHER I want to know the weather in [SL:LOCATION Queensland ] . ]
weather	What's the forecast for Newcastle?	[IN:GET_WEATHER What 's the forecast for [SL:LOCATION Newcastle ] ? ]
weather	Temperature out there Fahrenheit	[IN:GET_WEATHER Temperature [SL:LOCATION out there ] [SL:WEATHER_TEMPERATURE_UNIT Fahrenheit ] ]
weather	stormy weather?	[IN:GET_WEATHER [SL:WEATHER_ATTRIBUTE stormy ] weather ? ]
weather	will it be nice this weekend	[IN:GET_WEATHER will it be [SL:WEATHER_ATTRIBUTE nice ] [SL:DATE_TIME this weekend ] ]
weather	What is the forecast for the next 5 days?	[IN:GET_WEATHER What is the forecast [SL:DATE_TIME for the next 5 days ] ? ]
weather	Should I take an umbrella with me	[IN:GET_WEATHER Should I take an [SL:WEATHER_ATTRIBUTE umbrella ] with me ]
weather	What the weather like today	[IN:GET_WEATHER What the weather like [SL:DATE_TIME today ] ]
weather	Did it rain yesterday in Orlando?	[IN:GET_WEATHER Did it [SL:WEATHER_ATTRIBUTE rain ] [SL:DATE_TIME yesterday ] in [SL:LOCATION Orlando ] ? ]
weather	Do I need to bring a raincoat today?	[IN:GET_WEATHER Do I need to bring a [SL:WEATHER_ATTRIBUTE raincoat ] [SL:DATE_TIME today ] ? ]
weather	Tell me what the weather will be like at 12pm	[IN:GET_WEATHER Tell me what the weather will be like [SL:DATE_TIME at 12 pm ] ]
weather	Temperature seattle next week fahrenheit	[IN:GET_WEATHER Temperature [SL:LOCATION seattle ] [SL:DATE_TIME next week ] [SL:WEATHER_TEMPERATURE_UNIT fahrenheit ] ]
weather	Te me about the weather for this afternoon at 2pm	[IN:GET_WEATHER Te me about the weather [SL:DATE_TIME for this afternoon at 2 pm ] ]
weather	will it rain this monday	[IN:GET_WEATHER will it [SL:WEATHER_ATTRIBUTE rain ] [SL:DATE_TIME this monday ] ]
weather	Am I going to need to scrape ice off my car today	[IN:GET_WEATHER Am I going to need to scrape [SL:WEATHER_ATTRIBUTE ice ] off my car [SL:DATE_TIME today ] ]
weather	Is it going to be above 7 in degrees Celcius boston next week	[IN:GET_WEATHER Is it going to be [SL:WEATHER_ATTRIBUTE above ] [SL:WEATHER_ATTRIBUTE 7 ] in degrees [SL:WEATHER_TEMPERATURE_UNIT Celcius ] [SL:LOCATION boston ] [SL:DATE_TIME next week ] ]
weather	Will it be sunny at noon tomorrow?	[IN:GET_WEATHER Will it be [SL:WEATHER_ATTRIBUTE sunny ] [SL:DATE_TIME at noon tomorrow ] ? ]
weather	5pm weather this evening?	[IN:GET_WEATHER [SL:DATE_TIME 5 pm ] weather [SL:DATE_TIME this evening ] ? ]
weather	Is it going to be hot outside?	[IN:GET_WEATHER Is it going to be [SL:WEATHER_ATTRIBUTE hot ] outside ? ]
weather	is there a chance to rain today	[IN:GET_WEATHER is there a chance to [SL:WEATHER_ATTRIBUTE rain ] [SL:DATE_TIME today ] ]
weather	What weather is expected for The weekend	[IN:GET_WEATHER What weather is expected for [SL:DATE_TIME The weekend ] ]
weather	Tell me the weather for the week	[IN:GET_WEATHER Tell me the weather [SL:DATE_TIME for the week ] ]
weather	Will today be over 70 degrees?	[IN:GET_WEATHER Will [SL:DATE_TIME today ] be over 70 degrees ? ]
weather	what is the weather today	[IN:GET_WEATHER what is the weather [SL:DATE_TIME today ] ]
weather	First Tuesday of April in Missouri, what type of weather should I prepare for?	[IN:GET_WEATHER [SL:DATE_TIME First Tuesday of April ] in [SL:LOCATION Missouri ] , what type of weather should I prepare for ? ]
weather	How much rain did we get last night	[IN:GET_WEATHER How much [SL:WEATHER_ATTRIBUTE rain ] did we get [SL:DATE_TIME last night ] ]
weather	Is it t-shirt weather outside?	[IN:GET_WEATHER Is it t - shirt weather outside ? ]
weather	What's the weather going to look like tomorrow afternoon?	[IN:GET_WEATHER What 's the weather going to look like [SL:DATE_TIME tomorrow afternoon ] ? ]
weather	Tell me the weather report for this evening	[IN:GET_WEATHER Tell me the weather report [SL:DATE_TIME for this evening ] ]
weather	when is monsoon season	[IN:GET_WEATHER when is [SL:WEATHER_ATTRIBUTE monsoon ] season ]
weather	What will the weather be like in Myrtle Beach next week	[IN:GET_WEATHER What will the weather be like in [SL:LOCATION Myrtle Beach ] [SL:DATE_TIME next week ] ]
weather	Is it around 61 in degrees fahrenheit seattle tomorrow morning	[IN:GET_WEATHER Is it [SL:WEATHER_ATTRIBUTE around ] [SL:WEATHER_ATTRIBUTE 61 ] in degrees [SL:WEATHER_TEMPERATURE_UNIT fahrenheit ] [SL:LOCATION seattle ] [SL:DATE_TIME tomorrow morning ] ]
weather	what time is sunset in Philly	[IN:GET_SUNSET what time is sunset in [SL:LOCATION Philly ] ]
weather	is it hot outside today ?	[IN:GET_WEATHER is it [SL:WEATHER_ATTRIBUTE hot ] outside [SL:DATE_TIME today ] ? ]
weather	How's the weather?	[IN:GET_WEATHER How 's the weather ? ]
weather	will it snow in mount vernon tomorrow	[IN:GET_WEATHER will it [SL:WEATHER_ATTRIBUTE snow ] in [SL:LOCATION mount vernon ] [SL:DATE_TIME tomorrow ] ]
weather	tell me when it will snow	[IN:GET_WEATHER tell me when it will [SL:WEATHER_ATTRIBUTE snow ] ]
weather	is it supposed to rain this week?	[IN:GET_WEATHER is it supposed to [SL:WEATHER_ATTRIBUTE rain ] [SL:DATE_TIME this week ] ? ]
weather	What is the weather like in New York City this week?	[IN:GET_WEATHER What is the weather like in [SL:LOCATION New York City ] [SL:DATE_TIME this week ] ? ]
weather	Will it be cloudy on Friday?	[IN:GET_WEATHER Will it be [SL:WEATHER_ATTRIBUTE cloudy ] [SL:DATE_TIME on Friday ] ? ]
weather	Let me have the 5 day forecast	[IN:GET_WEATHER Let me have the [SL:DATE_TIME 5 day ] forecast ]
weather	Is the weather going to be nice next Bank holiday weekend?	[IN:GET_WEATHER Is the weather going to be [SL:WEATHER_ATTRIBUTE nice ] [SL:DATE_TIME next Bank holiday weekend ] ? ]
weather	Should I bring a winter jacket?	[IN:GET_WEATHER Should I bring a [SL:WEATHER_ATTRIBUTE winter jacket ] ? ]
weather	How much snow are we going to get this weekend	[IN:GET_WEATHER How much [SL:WEATHER_ATTRIBUTE snow ] are we going to get [SL:DATE_TIME this weekend ] ]
weather	what will it be like outside the day after tomorrow	[IN:GET_WEATHER what will it be like outside the [SL:DATE_TIME day after tomorrow ] ]
weather	When will the sun come down on Saturday	[IN:GET_SUNSET When will the sun come down [SL:DATE_TIME on Saturday ] ]
weather	Can I build a snowman today?	[IN:GET_WEATHER Can I build a [SL:WEATHER_ATTRIBUTE snowman ] [SL:DATE_TIME today ] ? ]
weather	Is it going to be above 30 in celsius boston today	[IN:GET_WEATHER Is it going to be [SL:WEATHER_ATTRIBUTE above ] [SL:WEATHER_ATTRIBUTE 30 ] in [SL:WEATHER_TEMPERATURE_UNIT celsius ] [SL:LOCATION boston ] [SL:DATE_TIME today ] ]
weather	What time is sunrise tomorrow?	[IN:GET_SUNRISE What time is sunrise [SL:DATE_TIME tomorrow ] ? ]
weather	What the temperature right now?	[IN:GET_WEATHER What the temperature right now ? ]
weather	What's the 5 day forecast?	[IN:GET_WEATHER What 's the [SL:DATE_TIME 5 day ] forecast ? ]
weather	Weather for East England, please	[IN:GET_WEATHER Weather for [SL:LOCATION East England ] , please ]
weather	Forecast call for rain	[IN:GET_WEATHER Forecast call for [SL:WEATHER_ATTRIBUTE rain ] ]
weather	What will the temperature be tomorrow	[IN:GET_WEATHER What will the temperature be [SL:DATE_TIME tomorrow ] ]
weather	Is it going to be below 45 in degree F for New York	[IN:GET_WEATHER Is it going to be [SL:WEATHER_ATTRIBUTE below ] [SL:WEATHER_ATTRIBUTE 45 ] in degree [SL:WEATHER_TEMPERATURE_UNIT F ] for [SL:LOCATION New York ] ]
weather	What are the maximum temperatures for new york next week	[IN:GET_WEATHER What are the maximum temperatures for new york [SL:DATE_TIME next week ] ]
weather	Give me the weather forecast for this coming weekend	[IN:GET_WEATHER Give me the weather forecast [SL:DATE_TIME for this coming weekend ] ]
weather	Weather at 10am please	[IN:GET_WEATHER Weather [SL:DATE_TIME at 10 am ] please ]
weather	Will I need a rain coat when I go out later	[IN:GET_WEATHER Will I need a [SL:WEATHER_ATTRIBUTE rain coat ] when I go out [SL:DATE_TIME later ] ]
weather	How hot will it be on Christmas Day this year?	[IN:GET_WEATHER How [SL:WEATHER_ATTRIBUTE hot ] will it be [SL:DATE_TIME on Christmas Day this year ] ? ]
weather	How cold can it get in Arizona during winter time	[IN:UNSUPPORTED_WEATHER How [SL:WEATHER_ATTRIBUTE cold ] can it get in Arizona [SL:DATE_TIME during winter ] time ]
weather	Can you tell me how the weather looks on Friday in Washington?	[IN:GET_WEATHER Can you tell me how the weather looks [SL:DATE_TIME on Friday ] in [SL:LOCATION Washington ] ? ]
weather	thinking of a picnic on sunday what will the weather be like	[IN:GET_WEATHER thinking of a picnic [SL:DATE_TIME on sunday ] what will the weather be like ]
weather	What is the current weather today?	[IN:GET_WEATHER What is the current weather [SL:DATE_TIME today ] ? ]
weather	What are the current weather conditions?	[IN:GET_WEATHER What are the current weather conditions ? ]
weather	What is the temperature in Chicago at 2pm today?	[IN:GET_WEATHER What is the temperature in [SL:LOCATION Chicago ] [SL:DATE_TIME at 2 pm today ] ? ]
weather	How many days did it rain in April	[IN:UNSUPPORTED_WEATHER How many days did it [SL:WEATHER_ATTRIBUTE rain ] [SL:DATE_TIME in April ] ]
weather	Give me a fve day forecast	[IN:GET_WEATHER Give me a [SL:DATE_TIME fve day ] forecast ]
weather	will the temperature drop this evening	[IN:GET_WEATHER will the temperature drop [SL:DATE_TIME this evening ] ]
weather	How cold will it get tonight	[IN:GET_WEATHER How [SL:WEATHER_ATTRIBUTE cold ] will it get [SL:DATE_TIME tonight ] ]
weather	How many inches of snow will we have tomorrow?	[IN:GET_WEATHER How many inches of [SL:WEATHER_ATTRIBUTE snow ] will we have [SL:DATE_TIME tomorrow ] ? ]
weather	How many inches of snow are expected today?	[IN:GET_WEATHER How many inches of [SL:WEATHER_ATTRIBUTE snow ] are expected [SL:DATE_TIME today ] ? ]
weather	What weather should I expect for Easter?	[IN:GET_WEATHER What weather should I expect [SL:DATE_TIME for Easter ] ? ]
weather	How cold is it this weekend inside in degrees Celsius	[IN:GET_WEATHER How [SL:WEATHER_ATTRIBUTE cold ] is it [SL:DATE_TIME this weekend ] [SL:LOCATION inside ] in degrees [SL:WEATHER_TEMPERATURE_UNIT Celsius ] ]
weather	What is the temperature in Jacksonville, Florida today?	[IN:GET_WEATHER What is the temperature in [SL:LOCATION Jacksonville , Florida ] [SL:DATE_TIME today ] ? ]
weather	What is the forecast for tomorrow?	[IN:GET_WEATHER What is the forecast [SL:DATE_TIME for tomorrow ] ? ]
weather	Temperature in Celsius	[IN:GET_WEATHER Temperature in [SL:WEATHER_TEMPERATURE_UNIT Celsius ] ]
weather	What is the weather forecast for Brighton this weekend?	[IN:GET_WEATHER What is the weather forecast for [SL:LOCATION Brighton ] [SL:DATE_TIME this weekend ] ? ]
weather	How many inches of rain are the predicting will fall tonight?	[IN:GET_WEATHER How many inches of [SL:WEATHER_ATTRIBUTE rain ] are the predicting will fall [SL:DATE_TIME tonight ] ? ]
weather	Tell me the forecast for Christmas in Sydney	[IN:GET_WEATHER Tell me the forecast [SL:DATE_TIME for Christmas ] in [SL:LOCATION Sydney ] ]
weather	When will we have our first snow of the season	[IN:GET_WEATHER When will we have our first [SL:WEATHER_ATTRIBUTE snow ] of the season ]
weather	I'd like to know the weather for the Fundy footpath.	[IN:GET_WEATHER I'd like to know the weather for the [SL:LOCATION Fundy footpath ] . ]
weather	Is it going to be cold today?	[IN:GET_WEATHER Is it going to be [SL:WEATHER_ATTRIBUTE cold ] [SL:DATE_TIME today ] ? ]
weather	Check what the weather's looking like in Poland	[IN:GET_WEATHER Check what the weather 's looking like in [SL:LOCATION Poland ] ]
weather	What is the UV index today?	[IN:GET_WEATHER What is the [SL:WEATHER_ATTRIBUTE UV index ] [SL:DATE_TIME today ] ? ]
weather	What weather is it going to be this Friday evening?	[IN:GET_WEATHER What weather is it going to be [SL:DATE_TIME this Friday evening ] ? ]
weather	What is the low for today?	[IN:GET_WEATHER What is the low [SL:DATE_TIME for today ] ? ]
weather	whats the overnight low?	[IN:GET_WEATHER whats the [SL:DATE_TIME overnight ] low ? ]
weather	Is it safe weather to take a five hour flight tonight	[IN:UNSUPPORTED_WEATHER Is it safe weather to take a five hour flight tonight ]
weather	Should I expect freezing rain tonight?	[IN:GET_WEATHER Should I expect [SL:WEATHER_ATTRIBUTE freezing rain ] [SL:DATE_TIME tonight ] ? ]
weather	How much snow will Milwaukee get?	[IN:GET_WEATHER How much [SL:WEATHER_ATTRIBUTE snow ] will [SL:LOCATION Milwaukee ] get ? ]
weather	Is it going to be above 26 F around Sao Paulo tomorrow	[IN:GET_WEATHER Is it going to be [SL:WEATHER_ATTRIBUTE above ] [SL:WEATHER_ATTRIBUTE 26 ] [SL:WEATHER_TEMPERATURE_UNIT F ] around [SL:LOCATION Sao Paulo ] [SL:DATE_TIME tomorrow ] ]
weather	Please give me the 5 day forecast.	[IN:GET_WEATHER Please give me the [SL:DATE_TIME 5 day ] forecast . ]
weather	how hot is it suppose to be in dallas this weekend	[IN:GET_WEATHER how [SL:WEATHER_ATTRIBUTE hot ] is it suppose to be in [SL:LOCATION dallas ] [SL:DATE_TIME this weekend ] ]
weather	Temperature around Karachi next week celsius	[IN:GET_WEATHER Temperature around [SL:LOCATION Karachi ] [SL:DATE_TIME next week ] [SL:WEATHER_TEMPERATURE_UNIT celsius ] ]
weather	Will I need an umbrella tonight?	[IN:GET_WEATHER Will I need an [SL:WEATHER_ATTRIBUTE umbrella ] [SL:DATE_TIME tonight ] ? ]
weather	Is it windy?	[IN:GET_WEATHER Is it [SL:WEATHER_ATTRIBUTE windy ] ? ]
weather	Will I have to shovel snow tomorrow?	[IN:GET_WEATHER Will I have to shovel [SL:WEATHER_ATTRIBUTE snow ] [SL:DATE_TIME tomorrow ] ? ]
weather	Temperature around New York today F	[IN:GET_WEATHER Temperature around [SL:LOCATION New York ] [SL:DATE_TIME today ] [SL:WEATHER_TEMPERATURE_UNIT F ] ]
weather	What is the weather going to be like in Tampa tomorrow	[IN:GET_WEATHER What is the weather going to be like in [SL:LOCATION Tampa ] [SL:DATE_TIME tomorrow ] ]
weather	will i need an umbrella today	[IN:GET_WEATHER will i need an [SL:WEATHER_ATTRIBUTE umbrella ] [SL:DATE_TIME today ] ]
weather	What is the rainy season in Vegas	[IN:GET_WEATHER What is the [SL:WEATHER_ATTRIBUTE rainy ] season in [SL:LOCATION Vegas ] ]
weather	is it cold outside?	[IN:GET_WEATHER is it [SL:WEATHER_ATTRIBUTE cold ] outside ? ]
weather	Is there rain in the forecast today?	[IN:GET_WEATHER Is there [SL:WEATHER_ATTRIBUTE rain ] in the forecast [SL:DATE_TIME today ] ? ]
weather	current weather in Olympia?	[IN:GET_WEATHER current weather in [SL:LOCATION Olympia ] ? ]
weather	Will there be a thunderstorm today?	[IN:GET_WEATHER Will there be a [SL:WEATHER_ATTRIBUTE thunderstorm ] [SL:DATE_TIME today ] ? ]
weather	Is it going to be hot today?	[IN:GET_WEATHER Is it going to be [SL:WEATHER_ATTRIBUTE hot ] [SL:DATE_TIME today ] ? ]
weather	Tell me the current temperature in Celsius	[IN:GET_WEATHER Tell me the current temperature in [SL:WEATHER_TEMPERATURE_UNIT Celsius ] ]
weather	Is it raining?	[IN:GET_WEATHER Is it [SL:WEATHER_ATTRIBUTE raining ] ? ]
weather	Give me New Zealand Weather	[IN:GET_WEATHER Give me [SL:LOCATION New Zealand ] Weather ]
weather	should i wear rain boots today?	[IN:GET_WEATHER should i wear [SL:WEATHER_ATTRIBUTE rain boots ] [SL:DATE_TIME today ] ? ]
weather	Will this rain be enough to end the drought	[IN:UNSUPPORTED_WEATHER Will this [SL:WEATHER_ATTRIBUTE rain ] be enough to end the drought ]
weather	What is the forecast for Sacramento?	[IN:GET_WEATHER What is the forecast for [SL:LOCATION Sacramento ] ? ]
weather	Millimetres of rainfall tonight.	[IN:GET_WEATHER Millimetres of [SL:WEATHER_ATTRIBUTE rainfall ] [SL:DATE_TIME tonight ] . ]
weather	What's the weather doing in Adelaide?	[IN:GET_WEATHER What 's the weather doing in [SL:LOCATION Adelaide ] ? ]
weather	will i need a coat tomorrow	[IN:GET_WEATHER will i need a [SL:WEATHER_ATTRIBUTE coat ] [SL:DATE_TIME tomorrow ] ]
weather	Should I wear my jacket today?	[IN:GET_WEATHER Should I wear my [SL:WEATHER_ATTRIBUTE jacket ] [SL:DATE_TIME today ] ? ]
weather	Will it be rainy in Minnesota this month?	[IN:GET_WEATHER Will it be [SL:WEATHER_ATTRIBUTE rainy ] in [SL:LOCATION Minnesota ] [SL:DATE_TIME this month ] ? ]
weather	Will it rain on this afternoon	[IN:GET_WEATHER Will it [SL:WEATHER_ATTRIBUTE rain ] [SL:DATE_TIME on this afternoon ] ]
weather	Is it going to snow today?	[IN:GET_WEATHER Is it going to [SL:WEATHER_ATTRIBUTE snow ] [SL:DATE_TIME today ] ? ]
weather	How fast is the wind in Lehi Utah?	[IN:GET_WEATHER How fast is the wind in [SL:LOCATION Lehi Utah ] ? ]
weather	What is the weather like in Albany at 11am?	[IN:GET_WEATHER What is the weather like in [SL:LOCATION Albany ] [SL:DATE_TIME at 11 am ] ? ]
weather	Tell me the forecast for Sydney, Australia	[IN:GET_WEATHER Tell me the forecast for [SL:LOCATION Sydney , Australia ] ]
weather	will the hurricane bring rain here	[IN:GET_WEATHER will the [SL:WEATHER_ATTRIBUTE hurricane ] bring [SL:WEATHER_ATTRIBUTE rain ] [SL:LOCATION here ] ]
weather	What is the weather forecast for London?	[IN:GET_WEATHER What is the weather forecast for [SL:LOCATION London ] ? ]
weather	what time is the sun going to set today	[IN:GET_SUNSET what time is the sun going to set [SL:DATE_TIME today ] ]
weather	When are we expecting rain this week?	[IN:GET_WEATHER When are we expecting [SL:WEATHER_ATTRIBUTE rain ] [SL:DATE_TIME this week ] ? ]
weather	When will it cool off	[IN:GET_WEATHER When will it [SL:WEATHER_ATTRIBUTE cool ] off ]
weather	What's the weather forecast for Spain?	[IN:GET_WEATHER What 's the weather forecast for [SL:LOCATION Spain ] ? ]
weather	Will it be above 39 in degrees F mumbai tomorrow morning	[IN:GET_WEATHER Will it be [SL:WEATHER_ATTRIBUTE above ] [SL:WEATHER_ATTRIBUTE 39 ] in degrees [SL:WEATHER_TEMPERATURE_UNIT F ] [SL:LOCATION mumbai ] [SL:DATE_TIME tomorrow morning ] ]
weather	Temperature karachi celsius	[IN:GET_WEATHER Temperature [SL:LOCATION karachi ] [SL:WEATHER_TEMPERATURE_UNIT celsius ] ]
weather	What is the average rainfall for this month	[IN:UNSUPPORTED_WEATHER What is the average [SL:WEATHER_ATTRIBUTE rainfall ] [SL:DATE_TIME for this month ] ]
weather	Will we get fog tonight?	[IN:GET_WEATHER Will we get [SL:WEATHER_ATTRIBUTE fog ] [SL:DATE_TIME tonight ] ? ]
weather	Will it snow soon?	[IN:GET_WEATHER Will it [SL:WEATHER_ATTRIBUTE snow ] soon ? ]
weather	will it rain today?	[IN:GET_WEATHER will it [SL:WEATHER_ATTRIBUTE rain ] [SL:DATE_TIME today ] ? ]
weather	How hot will it get today?	[IN:GET_WEATHER How [SL:WEATHER_ATTRIBUTE hot ] will it get [SL:DATE_TIME today ] ? ]
weather	What is the weather like in Miami right now?	[IN:GET_WEATHER What is the weather like in [SL:LOCATION Miami ] right now ? ]
weather	Can you tell me today's forecast in degrees Celsius?	[IN:GET_WEATHER Can you tell me [SL:DATE_TIME today ] 's forecast in [SL:WEATHER_TEMPERATURE_UNIT degrees Celsius ] ? ]
weather	How hot is it this weekend sao paulo in degrees C	[IN:GET_WEATHER How [SL:WEATHER_ATTRIBUTE hot ] is it [SL:DATE_TIME this weekend ] [SL:LOCATION sao paulo ] in degrees [SL:WEATHER_TEMPERATURE_UNIT C ] ]
weather	What is the weather in London?	[IN:GET_WEATHER What is the weather in [SL:LOCATION London ] ? ]
weather	Is Wake County public schools closed due to the snow today	[IN:UNSUPPORTED_WEATHER Is Wake County public schools closed due to the [SL:WEATHER_ATTRIBUTE snow ] [SL:DATE_TIME today ] ]
weather	I need to know the weather in Delaware.	[IN:GET_WEATHER I need to know the weather in [SL:LOCATION Delaware ] . ]
weather	Is it going to be around 25 in degree Fahrenheit in Boston tonight	[IN:GET_WEATHER Is it going to be [SL:WEATHER_ATTRIBUTE around ] [SL:WEATHER_ATTRIBUTE 25 ] in degree [SL:WEATHER_TEMPERATURE_UNIT Fahrenheit ] in [SL:LOCATION Boston ] [SL:DATE_TIME tonight ] ]
weather	what is the water temperature at Grand Haven Beach today	[IN:GET_WEATHER what is the water temperature at Grand Haven [SL:LOCATION Beach ] [SL:DATE_TIME today ] ]
weather	What is the weather like in New York  right now?	[IN:GET_WEATHER What is the weather like in [SL:LOCATION New York ] right now ? ]
weather	Please tell me the forcast for Italy.	[IN:GET_WEATHER Please tell me the forcast for [SL:LOCATION Italy ] . ]
weather	What's the weather going to be this weekend in Miami	[IN:GET_WEATHER What 's the weather going to be [SL:DATE_TIME this weekend ] in [SL:LOCATION Miami ] ]
weather	Please let me know what the forecast is in France	[IN:GET_WEATHER Please let me know what the forecast is in [SL:LOCATION France ] ]
weather	give me the weather in farenheit?	[IN:GET_WEATHER give me the weather in [SL:WEATHER_TEMPERATURE_UNIT farenheit ] ? ]
weather	What's the weather like in Russia?	[IN:GET_WEATHER What 's the weather like in [SL:LOCATION Russia ] ? ]
weather	What is the forecast for the Easter weekend in Prague?	[IN:GET_WEATHER What is the forecast [SL:DATE_TIME for the Easter weekend ] in [SL:LOCATION Prague ] ? ]
weather	Is it raining in New Orleans?	[IN:GET_WEATHER Is it [SL:WEATHER_ATTRIBUTE raining ] in [SL:LOCATION New Orleans ] ? ]
weather	are we going to be in the triple digits this weekend	[IN:UNSUPPORTED_WEATHER are we going to be in the triple digits [SL:DATE_TIME this weekend ] ]
weather	WHAT WILL THE WEATHER BE FOR THE NEXT 5 DAYS IN HAWAII?	[IN:GET_WEATHER WHAT WILL THE WEATHER BE [SL:DATE_TIME FOR THE NEXT 5 DAYS ] IN [SL:LOCATION HAWAII ] ? ]
weather	Does Dallas has three digit temperature today	[IN:GET_WEATHER Does [SL:LOCATION Dallas ] has three digit temperature [SL:DATE_TIME today ] ]
weather	Temperature today dehli C	[IN:GET_WEATHER Temperature [SL:DATE_TIME today ] [SL:LOCATION dehli ] [SL:WEATHER_TEMPERATURE_UNIT C ] ]
weather	What is the weather like in Perth?	[IN:GET_WEATHER What is the weather like in [SL:LOCATION Perth ] ? ]
weather	What's the weather in France right now?	[IN:GET_WEATHER What 's the weather in [SL:LOCATION France ] right now ? ]
weather	Will it be over 90 degrees in Portland today?	[IN:GET_WEATHER Will it be [SL:WEATHER_ATTRIBUTE over 90 ] degrees in [SL:LOCATION Portland ] [SL:DATE_TIME today ] ? ]
weather	How hot will it be this weekend in Toronto	[IN:GET_WEATHER How [SL:WEATHER_ATTRIBUTE hot ] will it be [SL:DATE_TIME this weekend ] in [SL:LOCATION Toronto ] ]
weather	Does it ever snow in Australia	[IN:UNSUPPORTED_WEATHER Does it ever [SL:WEATHER_ATTRIBUTE snow ] in [SL:LOCATION Australia ] ]
weather	how much snow did we get last year in Chicago	[IN:UNSUPPORTED_WEATHER how much [SL:WEATHER_ATTRIBUTE snow ] did we get [SL:DATE_TIME last year ] in [SL:LOCATION Chicago ] ]
weather	What do you think is the weather today in New York?	[IN:GET_WEATHER What do you think is the weather [SL:DATE_TIME today ] in [SL:LOCATION New York ] ? ]
weather	what is the mold count	[IN:UNSUPPORTED_WEATHER what is the [SL:WEATHER_ATTRIBUTE mold count ] ]
weather	What is the weather in Ashland?	[IN:GET_WEATHER What is the weather in [SL:LOCATION Ashland ] ? ]
weather	What is highest snow total ever recorded	[IN:UNSUPPORTED_WEATHER What is highest [SL:WEATHER_ATTRIBUTE snow ] total ever recorded ]
weather	What's the weather like in Yorkshire?	[IN:GET_WEATHER What 's the weather like in [SL:LOCATION Yorkshire ] ? ]
weather	How many inches of rain does Seattle get every year	[IN:GET_WEATHER How many [SL:WEATHER_ATTRIBUTE inches of rain ] does [SL:LOCATION Seattle ] get [SL:DATE_TIME every year ] ]
weather	Forecast this weekend in Birmingham	[IN:GET_WEATHER Forecast [SL:DATE_TIME this weekend ] in [SL:LOCATION Birmingham ] ]
weather	I want to know the weather in Australia	[IN:GET_WEATHER I want to know the weather in [SL:LOCATION Australia ] ]
weather	Will it be below 28 in degree Fahrenheit at Menlo Park this weekend	[IN:GET_WEATHER Will it be [SL:WEATHER_ATTRIBUTE below ] [SL:WEATHER_ATTRIBUTE 28 ] in degree [SL:WEATHER_TEMPERATURE_UNIT Fahrenheit ] at [SL:LOCATION Menlo Park ] [SL:DATE_TIME this weekend ] ]
weather	weather Montreal 14 days	[IN:GET_WEATHER weather [SL:LOCATION Montreal ] [SL:DATE_TIME 14 days ] ]
weather	What will the weather be like in Miami tonight	[IN:GET_WEATHER What will the weather be like in [SL:LOCATION Miami ] [SL:DATE_TIME tonight ] ]
weather	Will it be hot in San Francisco today?	[IN:GET_WEATHER Will it be [SL:WEATHER_ATTRIBUTE hot ] in [SL:LOCATION San Francisco ] [SL:DATE_TIME today ] ? ]
weather	Will it be hot in San Diego on Saturday	[IN:GET_WEATHER Will it be [SL:WEATHER_ATTRIBUTE hot ] in [SL:LOCATION San Diego ] [SL:DATE_TIME on Saturday ] ]
weather	How many km/h is the windspeed today?	[IN:UNSUPPORTED_WEATHER How many km / h is the windspeed today ? ]
weather	What is the temperature in Phoenix today?	[IN:GET_WEATHER What is the temperature in [SL:LOCATION Phoenix ] [SL:DATE_TIME today ] ? ]
weather	when is the sunset	[IN:GET_SUNSET when is the sunset ]
weather	How much snow will Chicago get this winter	[IN:GET_WEATHER How much [SL:WEATHER_ATTRIBUTE snow ] will [SL:LOCATION Chicago ] get [SL:DATE_TIME this winter ] ]
weather	What is the weather forecast of France?	[IN:GET_WEATHER What is the weather forecast of [SL:LOCATION France ] ? ]
weather	Will it be below 38 in Celcius tomorrow morning	[IN:GET_WEATHER Will it be [SL:WEATHER_ATTRIBUTE below ] [SL:WEATHER_ATTRIBUTE 38 ] in [SL:WEATHER_TEMPERATURE_UNIT Celcius ] [SL:DATE_TIME tomorrow morning ] ]
weather	How cold is it in Canada?	[IN:GET_WEATHER How [SL:WEATHER_ATTRIBUTE cold ] is it in [SL:LOCATION Canada ] ? ]
weather	Temperature near Boston tomorrow morning Celsius	[IN:GET_WEATHER Temperature near [SL:LOCATION Boston ] [SL:DATE_TIME tomorrow morning ] [SL:WEATHER_TEMPERATURE_UNIT Celsius ] ]
weather	Is it below 70 degrees Celsius around Shanghai tomorrow	[IN:GET_WEATHER Is it [SL:WEATHER_ATTRIBUTE below ] [SL:WEATHER_ATTRIBUTE 70 ] degrees [SL:WEATHER_TEMPERATURE_UNIT Celsius ] around [SL:LOCATION Shanghai ] [SL:DATE_TIME tomorrow ] ]
weather	What kind of weather is Aberdeen experiencing?	[IN:GET_WEATHER What kind of weather is [SL:LOCATION Aberdeen ] experiencing ? ]
weather	what is the weather right now in anaheim, california	[IN:GET_WEATHER what is the weather right now in [SL:LOCATION anaheim , california ] ]
weather	what is the weather llike in Georgia	[IN:GET_WEATHER what is the weather llike in [SL:LOCATION Georgia ] ]
weather	should I pack a coat for my trip to Denver	[IN:GET_WEATHER should I pack a [SL:WEATHER_ATTRIBUTE coat ] for my trip to [SL:LOCATION Denver ] ]
weather	What is the temperature in New York	[IN:GET_WEATHER What is the temperature in [SL:LOCATION New York ] ]
weather	Is it below 7 degrees f dehli	[IN:GET_WEATHER Is it [SL:WEATHER_ATTRIBUTE below ] [SL:WEATHER_ATTRIBUTE 7 ] degrees [SL:WEATHER_TEMPERATURE_UNIT f ] [SL:LOCATION dehli ] ]
weather	What time will the sunrise tomorrow	[IN:GET_SUNRISE What time will the sunrise [SL:DATE_TIME tomorrow ] ]
weather	Temperature around San Francisco tomorrow c	[IN:GET_WEATHER Temperature around [SL:LOCATION San Francisco ] [SL:DATE_TIME tomorrow ] [SL:WEATHER_TEMPERATURE_UNIT c ] ]
weather	How warm is it madrid tomorrow f	[IN:GET_WEATHER How [SL:WEATHER_ATTRIBUTE warm ] is it [SL:LOCATION madrid ] [SL:DATE_TIME tomorrow ] [SL:WEATHER_TEMPERATURE_UNIT f ] ]
weather	fahrenheit temperature	[IN:GET_WEATHER [SL:WEATHER_TEMPERATURE_UNIT fahrenheit ] temperature ]
weather	Is it around 80 in degree Fahrenheit next week	[IN:GET_WEATHER Is it [SL:WEATHER_ATTRIBUTE around ] [SL:WEATHER_ATTRIBUTE 80 ] in degree [SL:WEATHER_TEMPERATURE_UNIT Fahrenheit ] [SL:DATE_TIME next week ] ]
weather	when will the next volcano erupt	[IN:UNSUPPORTED_WEATHER when will the next volcano erupt ]
weather	What is the highest temperature on record in Portland, Oregon	[IN:UNSUPPORTED_WEATHER What is the highest temperature on record in Portland , [SL:LOCATION Oregon ] ]
weather	when will winter start	[IN:UNSUPPORTED_WEATHER when will [SL:DATE_TIME winter ] start ]
weather	What the average temperature in July here	[IN:UNSUPPORTED_WEATHER What the average temperature [SL:DATE_TIME in July ] [SL:LOCATION here ] ]
weather	I need to know when it starts getting dark	[IN:GET_SUNSET I need to know when it starts getting dark ]
weather	How warm is it tonight near Dublin in Celcius	[IN:GET_WEATHER How [SL:WEATHER_ATTRIBUTE warm ] is it [SL:DATE_TIME tonight ] near [SL:LOCATION Dublin ] in [SL:WEATHER_TEMPERATURE_UNIT Celcius ] ]
weather	What is the temperature right now in Celsius and Fahrenheit?	[IN:GET_WEATHER What is the temperature right now in [SL:WEATHER_TEMPERATURE_UNIT Celsius ] and [SL:WEATHER_TEMPERATURE_UNIT Fahrenheit ] ? ]
weather	Will it be above 88 in degree Fahrenheit near Dublin tonight	[IN:GET_WEATHER Will it be [SL:WEATHER_ATTRIBUTE above ] [SL:WEATHER_ATTRIBUTE 88 ] in degree [SL:WEATHER_TEMPERATURE_UNIT Fahrenheit ] near [SL:LOCATION Dublin ] [SL:DATE_TIME tonight ] ]
weather	How warm is it near Dublin tonight in degrees celcius	[IN:GET_WEATHER How [SL:WEATHER_ATTRIBUTE warm ] is it near [SL:LOCATION Dublin ] [SL:DATE_TIME tonight ] in degrees [SL:WEATHER_TEMPERATURE_UNIT celcius ] ]
weather	How hot is it inside tomorrow in degrees celsius	[IN:GET_WEATHER How [SL:WEATHER_ATTRIBUTE hot ] is it [SL:LOCATION inside ] [SL:DATE_TIME tomorrow ] in degrees [SL:WEATHER_TEMPERATURE_UNIT celsius ] ]
weather	How cold is it in Menlo Park tomorrow morning in degrees c	[IN:GET_WEATHER How [SL:WEATHER_ATTRIBUTE cold ] is it in [SL:LOCATION Menlo Park ] [SL:DATE_TIME tomorrow morning ] in degrees [SL:WEATHER_TEMPERATURE_UNIT c ] ]
weather	Temperature for San Francisco next week C	[IN:GET_WEATHER Temperature for [SL:LOCATION San Francisco ] [SL:DATE_TIME next week ] [SL:WEATHER_TEMPERATURE_UNIT C ] ]
weather	Is it going to be below 95 in degrees Fahrenheit san francisco	[IN:GET_WEATHER Is it going to be [SL:WEATHER_ATTRIBUTE below ] [SL:WEATHER_ATTRIBUTE 95 ] in degrees [SL:WEATHER_TEMPERATURE_UNIT Fahrenheit ] [SL:LOCATION san francisco ] ]
weather	Will it be below 3 in degrees celsius in Paris tonight	[IN:GET_WEATHER Will it be [SL:WEATHER_ATTRIBUTE below ] [SL:WEATHER_ATTRIBUTE 3 ] in degrees [SL:WEATHER_TEMPERATURE_UNIT celsius ] in [SL:LOCATION Paris ] [SL:DATE_TIME tonight ] ]
weather	what is the ozone level for today	[IN:UNSUPPORTED_WEATHER what is the ozone level [SL:DATE_TIME for today ] ]
weather	Will it be above 49 F houston next week	[IN:GET_WEATHER Will it be [SL:WEATHER_ATTRIBUTE above ] [SL:WEATHER_ATTRIBUTE 49 ] [SL:WEATHER_TEMPERATURE_UNIT F ] [SL:LOCATION houston ] [SL:DATE_TIME next week ] ]
weather	What time is sundown today?	[IN:GET_SUNSET What time is sundown [SL:DATE_TIME today ] ? ]
weather	Is it a good day to go for a walk in the park?	[IN:UNSUPPORTED_WEATHER Is it a good day to go for a walk in the park ? ]
weather	Temperature inside Celsius	[IN:GET_WEATHER Temperature [SL:LOCATION inside ] [SL:WEATHER_TEMPERATURE_UNIT Celsius ] ]
weather	How warm is it this weekend houston in degrees Fahrenheit	[IN:GET_WEATHER How [SL:WEATHER_ATTRIBUTE warm ] is it [SL:DATE_TIME this weekend ] [SL:LOCATION houston ] in degrees [SL:WEATHER_TEMPERATURE_UNIT Fahrenheit ] ]
weather	Give me the temp in Celsius	[IN:GET_WEATHER Give me the [SL:WEATHER_ATTRIBUTE temp ] in [SL:WEATHER_TEMPERATURE_UNIT Celsius ] ]
weather	How long is the flash flood warning in effect	[IN:UNSUPPORTED_WEATHER How long is the flash flood warning in effect ]
weather	what time is the sunset	[IN:GET_SUNSET what time is the sunset ]
weather	What time is sunset in Orlando this morning	[IN:GET_SUNSET What time is sunset in [SL:LOCATION Orlando ] [SL:DATE_TIME this morning ] ]
weather	How cold is it tonight around Paris degree Celcius	[IN:GET_WEATHER How [SL:WEATHER_ATTRIBUTE cold ] is it [SL:DATE_TIME tonight ] around [SL:LOCATION Paris ] degree [SL:WEATHER_TEMPERATURE_UNIT Celcius ] ]
weather	Temperature tomorrow in San Francisco F	[IN:GET_WEATHER Temperature [SL:DATE_TIME tomorrow ] in [SL:LOCATION San Francisco ] [SL:WEATHER_TEMPERATURE_UNIT F ] ]
weather	Temperature tonight for Houston Fahrenheit	[IN:GET_WEATHER Temperature [SL:DATE_TIME tonight ] for [SL:LOCATION Houston ] [SL:WEATHER_TEMPERATURE_UNIT Fahrenheit ] ]
weather	What time does the sun rise tomorrow morning	[IN:GET_SUNRISE What time does the sun rise [SL:DATE_TIME tomorrow morning ] ]
weather	Is it above 15 in degrees F inside	[IN:GET_WEATHER Is it [SL:WEATHER_ATTRIBUTE above ] [SL:WEATHER_ATTRIBUTE 15 ] in degrees [SL:WEATHER_TEMPERATURE_UNIT F ] [SL:LOCATION inside ] ]
weather	Temperature in Paris today fahrenheit	[IN:GET_WEATHER Temperature in [SL:LOCATION Paris ] [SL:DATE_TIME today ] [SL:WEATHER_TEMPERATURE_UNIT fahrenheit ] ]
weather	How many cm of rain is expected to fall tomorrow?	[IN:UNSUPPORTED_WEATHER How many cm of [SL:WEATHER_ATTRIBUTE rain ] is expected to fall tomorrow ? ]
weather	How warm is it in Dublin tonight in degrees F	[IN:GET_WEATHER How [SL:WEATHER_ATTRIBUTE warm ] is it in [SL:LOCATION Dublin ] [SL:DATE_TIME tonight ] in degrees [SL:WEATHER_TEMPERATURE_UNIT F ] ]
weather	How cold is it shanghai this weekend in degree celcius	[IN:GET_WEATHER How [SL:WEATHER_ATTRIBUTE cold ] is it [SL:LOCATION shanghai ] [SL:DATE_TIME this weekend ] in degree [SL:WEATHER_TEMPERATURE_UNIT celcius ] ]
weather	what side of hurricane will we be on	[IN:UNSUPPORTED_WEATHER what side of [SL:WEATHER_ATTRIBUTE hurricane ] will we be on ]
weather	gimmie that local radar readout	[IN:GET_WEATHER gimmie that [SL:LOCATION [IN:GET_LOCATION [SL:LOCATION_MODIFIER local ] ] ] radar readout ]
weather	Is it going to be below 44 in degree Celsius for Shanghai next week	[IN:GET_WEATHER Is it going to be [SL:WEATHER_ATTRIBUTE below ] [SL:WEATHER_ATTRIBUTE 44 ] in degree [SL:WEATHER_TEMPERATURE_UNIT Celsius ] for [SL:LOCATION Shanghai ] [SL:DATE_TIME next week ] ]
weather	Can you please advise the temperature in degrees Celsius ?	[IN:GET_WEATHER Can you please advise the temperature in degrees [SL:WEATHER_TEMPERATURE_UNIT Celsius ] ? ]
weather	How hot is it today in Karachi in degrees fahrenheit	[IN:GET_WEATHER How [SL:WEATHER_ATTRIBUTE hot ] is it [SL:DATE_TIME today ] in [SL:LOCATION Karachi ] in degrees [SL:WEATHER_TEMPERATURE_UNIT fahrenheit ] ]
weather	How cold is it in Houston tomorrow morning in Celsius	[IN:GET_WEATHER How [SL:WEATHER_ATTRIBUTE cold ] is it in [SL:LOCATION Houston ] [SL:DATE_TIME tomorrow morning ] in [SL:WEATHER_TEMPERATURE_UNIT Celsius ] ]
weather	When was the last time it snowed in San Antonio Texas	[IN:UNSUPPORTED_WEATHER When was the last time it [SL:WEATHER_ATTRIBUTE snowed ] in [SL:LOCATION San Antonio Texas ] ]
weather	When does hurricane season start	[IN:UNSUPPORTED_WEATHER When does [SL:WEATHER_ATTRIBUTE hurricane ] season start ]
weather	Is it going to be swimming weather?	[IN:UNSUPPORTED_WEATHER Is it going to be swimming weather ? ]
weather	at what time does the sun set in winter	[IN:GET_SUNSET at what time does the sun set [SL:DATE_TIME in winter ] ]
weather	How much pollution is expected to be present today	[IN:UNSUPPORTED_WEATHER How much pollution is expected to be present [SL:DATE_TIME today ] ]
weather	Which place is warmer in December, Hawaii or Mexico	[IN:UNSUPPORTED_WEATHER Which place is [SL:WEATHER_ATTRIBUTE warmer ] [SL:DATE_TIME in December ] , [SL:LOCATION Hawaii ] or Mexico ]
weather	Temperature today outside Celsius	[IN:GET_WEATHER Temperature [SL:DATE_TIME today ] outside [SL:WEATHER_TEMPERATURE_UNIT Celsius ] ]
weather	What's the average high temperature in August in Spain	[IN:UNSUPPORTED_WEATHER What 's the average high temperature [SL:DATE_TIME in August ] in Spain ]
weather	Is it going to be around 67 in degree F here	[IN:GET_WEATHER Is it going to be [SL:WEATHER_ATTRIBUTE around ] [SL:WEATHER_ATTRIBUTE 67 ] in degree [SL:WEATHER_TEMPERATURE_UNIT F ] [SL:LOCATION here ] ]
weather	Should I get the paddling pool out?	[IN:UNSUPPORTED_WEATHER Should I get the paddling pool out ? ]
weather	when is the dawn	[IN:GET_SUNRISE when is the dawn ]
weather	weather in celsius	[IN:GET_WEATHER weather in [SL:WEATHER_TEMPERATURE_UNIT celsius ] ]
weather	Give me the temp in Fahrenheit	[IN:GET_WEATHER Give me the temp in [SL:WEATHER_TEMPERATURE_UNIT Fahrenheit ] ]
weather	how many cities will it rain in today	[IN:UNSUPPORTED_WEATHER how many cities will it [SL:WEATHER_ATTRIBUTE rain ] [SL:DATE_TIME in today ] ]
weather	What's the warmest time of the year in Manila	[IN:UNSUPPORTED_WEATHER What 's the [SL:WEATHER_ATTRIBUTE warmest ] time of the year in Manila ]
weather	what time is the sunrise	[IN:GET_SUNRISE what time is the sunrise ]
weather	Is it going to be above 79 in Celsius sao paulo	[IN:GET_WEATHER Is it going to be [SL:WEATHER_ATTRIBUTE above ] [SL:WEATHER_ATTRIBUTE 79 ] in [SL:WEATHER_TEMPERATURE_UNIT Celsius ] [SL:LOCATION sao paulo ] ]
weather	The temperature in Celsius outside right now.	[IN:GET_WEATHER The temperature in [SL:WEATHER_TEMPERATURE_UNIT Celsius ] outside right now . ]
weather	Temperature tomorrow morning tokyo C	[IN:GET_WEATHER Temperature [SL:DATE_TIME tomorrow morning ] [SL:LOCATION tokyo ] [SL:WEATHER_TEMPERATURE_UNIT C ] ]
weather	How cold is it boston this weekend in Celsius	[IN:GET_WEATHER How [SL:WEATHER_ATTRIBUTE cold ] is it [SL:LOCATION boston ] [SL:DATE_TIME this weekend ] in [SL:WEATHER_TEMPERATURE_UNIT Celsius ] ]
weather	Is there a full moon tonight	[IN:UNSUPPORTED_WEATHER Is there a full moon [SL:DATE_TIME tonight ] ]
weather	when is the sun coming back	[IN:UNSUPPORTED_WEATHER when is the sun coming back ]
weather	WHAT TIME IS SUNRISE TOMORROW	[IN:GET_SUNRISE WHAT TIME IS SUNRISE [SL:DATE_TIME TOMORROW ] ]
weather	Temperature near Boston tomorrow Fahrenheit	[IN:GET_WEATHER Temperature near [SL:LOCATION Boston ] [SL:DATE_TIME tomorrow ] [SL:WEATHER_TEMPERATURE_UNIT Fahrenheit ] ]
weather	How hot will it get today in Celsius?	[IN:GET_WEATHER How [SL:WEATHER_ATTRIBUTE hot ] will it get [SL:DATE_TIME today ] in [SL:WEATHER_TEMPERATURE_UNIT Celsius ] ? ]
weather	Is it going to be above 90 degrees F outside tomorrow morning	[IN:GET_WEATHER Is it going to be [SL:WEATHER_ATTRIBUTE above ] [SL:WEATHER_ATTRIBUTE 90 ] degrees [SL:WEATHER_TEMPERATURE_UNIT F ] outside [SL:DATE_TIME tomorrow morning ] ]
weather	what time does the sun set in Cape Cod	[IN:GET_SUNSET what time does the sun set in [SL:LOCATION Cape Cod ] ]
weather	How many tropical storms turn into hurricanes	[IN:UNSUPPORTED_WEATHER How many tropical [SL:WEATHER_ATTRIBUTE storms ] turn into hurricanes ]
weather	Is it below 9 in degrees Fahrenheit in Chicago tomorrow	[IN:GET_WEATHER Is it [SL:WEATHER_ATTRIBUTE below ] [SL:WEATHER_ATTRIBUTE 9 ] in degrees [SL:WEATHER_TEMPERATURE_UNIT Fahrenheit ] in [SL:LOCATION Chicago ] [SL:DATE_TIME tomorrow ] ]
weather	How many mm of rain will we get today ?	[IN:UNSUPPORTED_WEATHER How many mm of [SL:WEATHER_ATTRIBUTE rain ] will we get today ? ]
weather	Will it be around 37 in degrees f near Chicago tonight	[IN:GET_WEATHER Will it be [SL:WEATHER_ATTRIBUTE around ] [SL:WEATHER_ATTRIBUTE 37 ] in degrees [SL:WEATHER_TEMPERATURE_UNIT f ] near [SL:LOCATION Chicago ] [SL:DATE_TIME tonight ] ]
weather	How cold is it tonight tokyo degree F	[IN:GET_WEATHER How [SL:WEATHER_ATTRIBUTE cold ] is it [SL:DATE_TIME tonight ] [SL:LOCATION tokyo ] degree [SL:WEATHER_TEMPERATURE_UNIT F ] ]
weather	will the hurricane hit us this week	[IN:UNSUPPORTED_WEATHER will the [SL:WEATHER_ATTRIBUTE hurricane ] hit us [SL:DATE_TIME this week ] ]
weather	What will be the minimum temperature in Celsius?	[IN:GET_WEATHER What will be the minimum temperature in [SL:WEATHER_TEMPERATURE_UNIT Celsius ] ? ]
weather	Is it around 49 in Fahrenheit around Sao Paulo today	[IN:GET_WEATHER Is it [SL:WEATHER_ATTRIBUTE around ] [SL:WEATHER_ATTRIBUTE 49 ] in [SL:WEATHER_TEMPERATURE_UNIT Fahrenheit ] around [SL:LOCATION Sao Paulo ] [SL:DATE_TIME today ] ]
weather	Will it be above 75 in degrees C in Dublin today	[IN:GET_WEATHER Will it be [SL:WEATHER_ATTRIBUTE above ] [SL:WEATHER_ATTRIBUTE 75 ] in degrees [SL:WEATHER_TEMPERATURE_UNIT C ] in [SL:LOCATION Dublin ] [SL:DATE_TIME today ] ]
weather	Is it hurricane season yet	[IN:UNSUPPORTED_WEATHER Is it [SL:WEATHER_ATTRIBUTE hurricane ] season yet ]
weather	Will the UV index require the application of sunscreen today?	[IN:UNSUPPORTED_WEATHER Will the UV index require the application of sunscreen today ? ]
weather	Will it be around 81 in C here	[IN:GET_WEATHER Will it be [SL:WEATHER_ATTRIBUTE around ] [SL:WEATHER_ATTRIBUTE 81 ] in [SL:WEATHER_TEMPERATURE_UNIT C ] [SL:LOCATION here ] ]
weather	Can you tell me what the temperature in Fahrenheit is?	[IN:GET_WEATHER Can you tell me what the temperature in [SL:WEATHER_TEMPERATURE_UNIT Fahrenheit ] is ? ]
weather	Temperature paris this weekend F	[IN:GET_WEATHER Temperature [SL:LOCATION paris ] [SL:DATE_TIME this weekend ] [SL:WEATHER_TEMPERATURE_UNIT F ] ]
weather	what time does it start getting dark out	[IN:GET_SUNSET what time does it start getting dark out ]
weather	Temperature around Shanghai this weekend Fahrenheit	[IN:GET_WEATHER Temperature around [SL:LOCATION Shanghai ] [SL:DATE_TIME this weekend ] [SL:WEATHER_TEMPERATURE_UNIT Fahrenheit ] ]
weather	How cold is it in Houston in degrees Celsius	[IN:GET_WEATHER How [SL:WEATHER_ATTRIBUTE cold ] is it in [SL:LOCATION Houston ] in degrees [SL:WEATHER_TEMPERATURE_UNIT Celsius ] ]
weather	Will it be below 70 in degree f dehli tonight	[IN:GET_WEATHER Will it be [SL:WEATHER_ATTRIBUTE below ] [SL:WEATHER_ATTRIBUTE 70 ] in degree [SL:WEATHER_TEMPERATURE_UNIT f ] [SL:LOCATION dehli ] [SL:DATE_TIME tonight ] ]
weather	Should I get firewood	[IN:UNSUPPORTED_WEATHER Should I get [SL:WEATHER_ATTRIBUTE firewood ] ]
weather	How cold is it today around Mumbai in degrees Celsius	[IN:GET_WEATHER How [SL:WEATHER_ATTRIBUTE cold ] is it [SL:DATE_TIME today ] around [SL:LOCATION Mumbai ] in degrees [SL:WEATHER_TEMPERATURE_UNIT Celsius ] ]
weather	Temperature tomorrow near Mumbai Fahrenheit	[IN:GET_WEATHER Temperature [SL:DATE_TIME tomorrow ] near [SL:LOCATION Mumbai ] [SL:WEATHER_TEMPERATURE_UNIT Fahrenheit ] ]
weather	What time did the sun rise today	[IN:GET_SUNRISE What time did the sun rise [SL:DATE_TIME today ] ]
weather	Is it around 54 in degrees Celsius around Madrid tomorrow morning	[IN:GET_WEATHER Is it [SL:WEATHER_ATTRIBUTE around ] [SL:WEATHER_ATTRIBUTE 54 ] in degrees [SL:WEATHER_TEMPERATURE_UNIT Celsius ] around [SL:LOCATION Madrid ] [SL:DATE_TIME tomorrow morning ] ]
weather	should i use the auto start to cool down my car before i get in it today	[IN:UNSUPPORTED_WEATHER should i use the auto start to [SL:WEATHER_ATTRIBUTE cool ] down my car before i get in it [SL:DATE_TIME today ] ]
weather	Will it be below 29 degree Celcius near Karachi	[IN:GET_WEATHER Will it be [SL:WEATHER_ATTRIBUTE below ] [SL:WEATHER_ATTRIBUTE 29 ] degree [SL:WEATHER_TEMPERATURE_UNIT Celcius ] near [SL:LOCATION Karachi ] ]
weather	Should I take the bus or walk to work tomorrow?	[IN:UNSUPPORTED_WEATHER Should I take the bus or walk to work tomorrow ? ]
weather	What is the current temperature in Fahrenheit?	[IN:GET_WEATHER What is the current temperature in [SL:WEATHER_TEMPERATURE_UNIT Fahrenheit ] ? ]
weather	How cold is it this weekend dehli degrees F	[IN:GET_WEATHER How [SL:WEATHER_ATTRIBUTE cold ] is it [SL:DATE_TIME this weekend ] [SL:LOCATION dehli ] degrees [SL:WEATHER_TEMPERATURE_UNIT F ] ]
weather	How warm is it this weekend inside in degrees celsius	[IN:GET_WEATHER How [SL:WEATHER_ATTRIBUTE warm ] is it [SL:DATE_TIME this weekend ] [SL:LOCATION inside ] in degrees [SL:WEATHER_TEMPERATURE_UNIT celsius ] ]
weather	What is the current temperature in Fahrenheit?	[IN:GET_WEATHER What is the current temperature in [SL:WEATHER_TEMPERATURE_UNIT Fahrenheit ] ? ]
weather	How cold is it in celsius?	[IN:GET_WEATHER How [SL:WEATHER_ATTRIBUTE cold ] is it in [SL:WEATHER_TEMPERATURE_UNIT celsius ] ? ]
weather	Is there supposed to be a hurricane heading to our state?	[IN:UNSUPPORTED_WEATHER Is there supposed to be a [SL:WEATHER_ATTRIBUTE hurricane ] heading to our state ? ]
weather	What is the average temperature in London in September	[IN:UNSUPPORTED_WEATHER What is the average temperature in [SL:LOCATION London ] [SL:DATE_TIME in September ] ]
weather	When is the next day it will be in the eighties in Newport Beach	[IN:UNSUPPORTED_WEATHER When is the [SL:DATE_TIME next day ] it will be in the eighties in Newport [SL:LOCATION Beach ] ]
weather	How hot is it tomorrow degrees celcius	[IN:GET_WEATHER How [SL:WEATHER_ATTRIBUTE hot ] is it [SL:DATE_TIME tomorrow ] degrees [SL:WEATHER_TEMPERATURE_UNIT celcius ] ]
weather	Will I be able to go hiking this afternoon?	[IN:UNSUPPORTED_WEATHER Will I be able to go hiking this afternoon ? ]
weather	It rained for how many hours	[IN:UNSUPPORTED_WEATHER It [SL:WEATHER_ATTRIBUTE rained ] for how many hours ]
weather	How cold is it for Shanghai in degrees C	[IN:GET_WEATHER How [SL:WEATHER_ATTRIBUTE cold ] is it for [SL:LOCATION Shanghai ] in degrees [SL:WEATHER_TEMPERATURE_UNIT C ] ]
weather	when does the sunrise on the east coast	[IN:GET_SUNRISE when does the sunrise on the [SL:LOCATION east coast ] ]
weather	Will it be above 28 degrees celsius today	[IN:GET_WEATHER Will it be [SL:WEATHER_ATTRIBUTE above 28 ] degrees [SL:WEATHER_TEMPERATURE_UNIT celsius ] [SL:DATE_TIME today ] ]
weather	What is the status of the tornado warning	[IN:UNSUPPORTED_WEATHER What is the status of the tornado warning ]
weather	freezing	[IN:UNSUPPORTED_WEATHER [SL:WEATHER_ATTRIBUTE freezing ] ]
weather	will it be a mild winter this year	[IN:UNSUPPORTED_WEATHER will it be a mild [SL:DATE_TIME winter this year ] ]
weather	Is it around 24 in degrees C in Mumbai this weekend	[IN:GET_WEATHER Is it [SL:WEATHER_ATTRIBUTE around ] [SL:WEATHER_ATTRIBUTE 24 ] in degrees [SL:WEATHER_TEMPERATURE_UNIT C ] in [SL:LOCATION Mumbai ] [SL:DATE_TIME this weekend ] ]
weather	What time does the sun rise	[IN:GET_SUNRISE What time does the sun rise ]
weather	Do I need an umbrella for rain more than 4 milometers?	[IN:UNSUPPORTED_WEATHER Do I need an umbrella for [SL:WEATHER_ATTRIBUTE rain ] more than 4 milometers ? ]
weather	If I leave from my current location to New Orleans at 5:00 PM, should I expect a storm	[IN:UNSUPPORTED_WEATHER If I leave from my current location to [SL:LOCATION New Orleans ] [SL:DATE_TIME at 5 : 00 PM ] , should I expect a [SL:WEATHER_ATTRIBUTE storm ] ]
weather	What's the hottest day in recorded history here	[IN:UNSUPPORTED_WEATHER What 's the [SL:WEATHER_ATTRIBUTE hottest ] day in recorded history [SL:LOCATION here ] ]
weather	What time does the sun rise	[IN:GET_SUNRISE What time does the sun rise ]
weather	Is it going to be above 74 in degrees fahrenheit in Madrid today	[IN:GET_WEATHER Is it going to be [SL:WEATHER_ATTRIBUTE above ] [SL:WEATHER_ATTRIBUTE 74 ] in degrees [SL:WEATHER_TEMPERATURE_UNIT fahrenheit ] in [SL:LOCATION Madrid ] [SL:DATE_TIME today ] ]
weather	How many degrees Fahrenheit is it outside?	[IN:GET_WEATHER How many degrees [SL:WEATHER_TEMPERATURE_UNIT Fahrenheit ] is it outside ? ]
weather	Tell me the temperature in celcius	[IN:GET_WEATHER Tell me the temperature in [SL:WEATHER_TEMPERATURE_UNIT celcius ] ]
weather	What was the record snowfall in this town	[IN:UNSUPPORTED_WEATHER What was the record [SL:WEATHER_ATTRIBUTE snowfall ] in this town ]
weather	How hot is it near Tokyo this weekend in degree C	[IN:GET_WEATHER How [SL:WEATHER_ATTRIBUTE hot ] is it near [SL:LOCATION Tokyo ] [SL:DATE_TIME this weekend ] in degree [SL:WEATHER_TEMPERATURE_UNIT C ] ]
weather	How hot is it in Boston in Fahrenheit	[IN:GET_WEATHER How [SL:WEATHER_ATTRIBUTE hot ] is it in [SL:LOCATION Boston ] in [SL:WEATHER_TEMPERATURE_UNIT Fahrenheit ] ]
weather	Temperature dehli today fahrenheit	[IN:GET_WEATHER Temperature [SL:LOCATION dehli ] [SL:DATE_TIME today ] [SL:WEATHER_TEMPERATURE_UNIT fahrenheit ] ]
weather	When is hurricane season in Florida	[IN:UNSUPPORTED_WEATHER When is [SL:WEATHER_ATTRIBUTE hurricane ] season in [SL:LOCATION Florida ] ]
weather	Will it be below 0 in f around Manila next week	[IN:GET_WEATHER Will it be [SL:WEATHER_ATTRIBUTE below ] [SL:WEATHER_ATTRIBUTE 0 ] in [SL:WEATHER_TEMPERATURE_UNIT f ] around [SL:LOCATION Manila ] [SL:DATE_TIME next week ] ]
weather	How hot is it here tomorrow morning in degrees C	[IN:GET_WEATHER How [SL:WEATHER_ATTRIBUTE hot ] is it [SL:LOCATION here ] [SL:DATE_TIME tomorrow morning ] in degrees [SL:WEATHER_TEMPERATURE_UNIT C ] ]
weather	Today is really hot but it is raining at the same time	[IN:UNSUPPORTED_WEATHER [SL:DATE_TIME Today ] is really [SL:WEATHER_ATTRIBUTE hot ] but it is [SL:WEATHER_ATTRIBUTE raining ] at the same time ]
weather	When will it snow this year	[IN:UNSUPPORTED_WEATHER When will it [SL:WEATHER_ATTRIBUTE snow ] [SL:DATE_TIME this year ] ]
weather	What time is dawn tomorrow	[IN:GET_SUNRISE What time is dawn [SL:DATE_TIME tomorrow ] ]
weather	Do we have any severe weather advisories right now	[IN:UNSUPPORTED_WEATHER Do we have any severe weather advisories right now ]
weather	When does the sun set tonight	[IN:GET_SUNSET When does the sun set [SL:DATE_TIME tonight ] ]
weather	When does the sun rise in Georgia	[IN:GET_SUNRISE When does the sun rise in [SL:LOCATION Georgia ] ]
weather	What time is dusk in my town	[IN:GET_SUNSET What time is dusk in [SL:LOCATION [IN:GET_LOCATION [SL:LOCATION_USER my town ] ] ] ]
weather	tell me the local radar for tomorrow	[IN:GET_WEATHER tell me the [SL:LOCATION [IN:GET_LOCATION [SL:LOCATION_MODIFIER local ] ] ] radar [SL:DATE_TIME for tomorrow ] ]
weather	Has it rained in California	[IN:UNSUPPORTED_WEATHER Has it [SL:WEATHER_ATTRIBUTE rained ] in [SL:LOCATION California ] ]
weather	What was the highest temperature ever in Dubai	[IN:UNSUPPORTED_WEATHER What was the highest temperature ever in Dubai ]
weather	How much rain has Lubbock gotten this month	[IN:UNSUPPORTED_WEATHER How much [SL:WEATHER_ATTRIBUTE rain ] has Lubbock gotten [SL:DATE_TIME this month ] ]
weather	When will high tide be in Tampa Bay	[IN:UNSUPPORTED_WEATHER When will [SL:WEATHER_ATTRIBUTE high tide ] be in [SL:LOCATION Tampa Bay ] ]
weather	I'm going on a trip this weekend, what should I wear?	[IN:UNSUPPORTED_WEATHER I'm going on a trip this weekend , what should I wear ? ]
weather	which state has the hottest weather	[IN:UNSUPPORTED_WEATHER which state has the [SL:WEATHER_ATTRIBUTE hottest ] weather ]
weather	when did it last snow in florida	[IN:UNSUPPORTED_WEATHER when did it last [SL:WEATHER_ATTRIBUTE snow ] in [SL:LOCATION florida ] ]
weather	what is the lowest temperature of los angeles in history	[IN:UNSUPPORTED_WEATHER what is the lowest temperature of los angeles in history ]
weather	When is hurricane season over	[IN:UNSUPPORTED_WEATHER When is [SL:WEATHER_ATTRIBUTE hurricane ] season over ]
weather	can we worry about the rain	[IN:UNSUPPORTED_WEATHER can we worry about the [SL:WEATHER_ATTRIBUTE rain ] ]
weather	how many millimetres of rain is expected?	[IN:GET_WEATHER how many [SL:MEASUREMENT_UNIT millimetres ] of [SL:WEATHER_ATTRIBUTE rain ] is expected ? ]
weather	I hope the weather is good tomorrow so we can go to the beach	[IN:UNSUPPORTED_WEATHER I hope the weather is good [SL:DATE_TIME tomorrow ] so we can go to the [SL:LOCATION beach ] ]
weather	How bad is the pollen in Lakeland?	[IN:UNSUPPORTED_WEATHER How bad is the [SL:WEATHER_ATTRIBUTE pollen ] in [SL:LOCATION Lakeland ] ? ]
weather	When will the sunrise	[IN:GET_SUNRISE When will the sunrise ]
weather	What was the lowest temperature in Rochester, NY last March	[IN:UNSUPPORTED_WEATHER What was the lowest temperature in [SL:LOCATION Rochester , NY ] [SL:DATE_TIME last March ] ]
weather	How many mm of rain are forecast?	[IN:UNSUPPORTED_WEATHER How many mm of [SL:WEATHER_ATTRIBUTE rain ] are forecast ? ]
weather	Sundown is at what time?	[IN:GET_SUNSET Sundown is at what time ? ]
weather	What is the air quality out	[IN:UNSUPPORTED_WEATHER What is the air quality [SL:LOCATION out ] ]
weather	Can we expect a white Christmas this year	[IN:UNSUPPORTED_WEATHER Can we expect a white [SL:DATE_TIME Christmas this year ] ]
weather	What's the average low temperature in Paris this time of year	[IN:UNSUPPORTED_WEATHER What 's the average low temperature in [SL:LOCATION Paris ] this time of year ]
weather	What time is sunset	[IN:GET_SUNSET What time is sunset ]
weather	what time is the sunrise tomorrow	[IN:GET_SUNRISE what time is the sunrise [SL:DATE_TIME tomorrow ] ]
weather	What time does the sun come up tomorrow	[IN:GET_SUNRISE What time does the sun come up [SL:DATE_TIME tomorrow ] ]
weather	When was the last earthquake in California	[IN:UNSUPPORTED_WEATHER When was the last earthquake in [SL:LOCATION California ] ]
weather	what is the pollen count?	[IN:UNSUPPORTED_WEATHER what is the [SL:WEATHER_ATTRIBUTE pollen count ] ? ]
weather	When will the sunrise in Bristol	[IN:GET_SUNRISE When will the sunrise in [SL:LOCATION Bristol ] ]
weather	difference in cumulus and cirrus clouds	[IN:UNSUPPORTED_WEATHER difference in cumulus and cirrus [SL:WEATHER_ATTRIBUTE clouds ] ]
weather	What time will the sun rise tomorrow?	[IN:GET_SUNRISE What time will the sun rise [SL:DATE_TIME tomorrow ] ? ]
weather	What time does the sun set	[IN:GET_SUNSET What time does the sun set ]
weather	Is there a hurricane developing near Florida	[IN:UNSUPPORTED_WEATHER Is there a [SL:WEATHER_ATTRIBUTE hurricane ] developing near [SL:LOCATION Florida ] ]
weather	How much rain is expected in this current weather pattern?	[IN:UNSUPPORTED_WEATHER How much [SL:WEATHER_ATTRIBUTE rain ] is expected in this current weather pattern ? ]
weather	what are the consequences of climate change	[IN:UNSUPPORTED_WEATHER what are the consequences of climate change ]
weather	At what time does the sun rise	[IN:GET_SUNRISE At what time does the sun rise ]
weather	what is humidity	[IN:UNSUPPORTED_WEATHER what is [SL:WEATHER_ATTRIBUTE humidity ] ]
weather	Should I have my snow tires installed on my car this week?	[IN:UNSUPPORTED_WEATHER Should I have my [SL:WEATHER_ATTRIBUTE snow ] tires installed on my car this week ? ]
weather	What time is the sunset today	[IN:GET_SUNSET What time is the sunset [SL:DATE_TIME today ] ]
weather	when will sunrise be	[IN:GET_SUNRISE when will sunrise be ]
weather	How much rain have we had in Phoenix this year	[IN:UNSUPPORTED_WEATHER How much [SL:WEATHER_ATTRIBUTE rain ] have we had in [SL:LOCATION Phoenix ] [SL:DATE_TIME this year ] ]
weather	How many days has the temperature been above 90 this summer in Atlanta	[IN:UNSUPPORTED_WEATHER How many days has the temperature been above 90 [SL:DATE_TIME this summer ] in Atlanta ]
weather	When was the last Tsunami	[IN:UNSUPPORTED_WEATHER When was the last Tsunami ]
weather	What time does the sunset	[IN:GET_SUNSET What time does the sunset ]
weather	What time does the sun rise in Houston	[IN:GET_SUNRISE What time does the sun rise in [SL:LOCATION Houston ] ]
weather	What is the current average temperature in the Western US	[IN:UNSUPPORTED_WEATHER What is the current average temperature in the [SL:LOCATION Western US ] ]
weather	What time is sunset?	[IN:GET_SUNSET What time is sunset ? ]
weather	What time is the sun setting tonight in the Outer Banks	[IN:GET_SUNSET What time is the sun setting [SL:DATE_TIME tonight ] in the [SL:LOCATION Outer Banks ] ]
weather	Which one of these revolving weather systems is the smallest - hurricane, typhoon, tropical cyclone, tornado	[IN:UNSUPPORTED_WEATHER Which one of these revolving weather systems is the smallest - [SL:WEATHER_ATTRIBUTE hurricane ] , typhoon , tropical cyclone , [SL:WEATHER_ATTRIBUTE tornado ] ]
weather	ARE WE EXPECTED TO HAVE A HARSH WINTER THIS YEAR	[IN:UNSUPPORTED_WEATHER ARE WE EXPECTED TO HAVE A [SL:WEATHER_ATTRIBUTE HARSH WINTER ] [SL:DATE_TIME THIS YEAR ] ]
weather	Where does rain come from	[IN:UNSUPPORTED_WEATHER Where does [SL:WEATHER_ATTRIBUTE rain ] come from ]
weather	Can I play tennis today	[IN:UNSUPPORTED_WEATHER Can I play tennis today ]
weather	is the weather channel app accurate	[IN:UNSUPPORTED_WEATHER is the weather channel app accurate ]
weather	Is it safe to go camping at Capitol Lake this weekend in Colorado	[IN:UNSUPPORTED_WEATHER Is it safe to go camping at Capitol [SL:LOCATION Lake ] [SL:DATE_TIME this weekend ] in [SL:LOCATION Colorado ] ]
weather	what's the highest temperature recorded this year	[IN:UNSUPPORTED_WEATHER what 's the highest temperature recorded [SL:DATE_TIME this year ] ]
weather	when will the dawn be	[IN:GET_SUNRISE when will the dawn be ]
weather	Will I be able to jog this afternoon?	[IN:UNSUPPORTED_WEATHER Will I be able to jog this afternoon ? ]
weather	Sunrise and sunset times in Los Angeles	[IN:GET_SUNRISE Sunrise and sunset times in [SL:LOCATION Los Angeles ] ]
weather	When does the sun come up	[IN:GET_SUNRISE When does the sun come up ]
weather	What time is sunrise tomorrow	[IN:GET_SUNRISE What time is sunrise [SL:DATE_TIME tomorrow ] ]
weather	What time is tonight's sunset	[IN:GET_SUNSET What time is [SL:DATE_TIME tonight ] 's sunset ]
weather	what time is sunset today	[IN:GET_SUNSET what time is sunset [SL:DATE_TIME today ] ]
weather	What's the current hurricane forecast for the southeast	[IN:UNSUPPORTED_WEATHER What 's the current [SL:WEATHER_ATTRIBUTE hurricane ] forecast for the [SL:LOCATION southeast ] ]
weather	should i shut my windows tonight	[IN:UNSUPPORTED_WEATHER should i shut my windows [SL:DATE_TIME tonight ] ]
weather	When is sunset	[IN:GET_SUNSET When is sunset ]
weather	coldest day	[IN:UNSUPPORTED_WEATHER [SL:WEATHER_ATTRIBUTE coldest ] day ]
weather	Are there tornadoes in Florida	[IN:UNSUPPORTED_WEATHER Are there [SL:WEATHER_ATTRIBUTE tornadoes ] in [SL:LOCATION Florida ] ]
weather	when does the sun set	[IN:GET_SUNSET when does the sun set ]
weather	Can I play football today?	[IN:UNSUPPORTED_WEATHER Can I play football today ? ]
weather	What time does the sun rise in Finland tomorrow	[IN:GET_SUNRISE What time does the sun rise in [SL:LOCATION Finland ] [SL:DATE_TIME tomorrow ] ]
weather	what time does the sunset tonight	[IN:GET_SUNSET what time does the sunset [SL:DATE_TIME tonight ] ]
weather	What time is sunrise this morning	[IN:GET_SUNRISE What time is sunrise [SL:DATE_TIME this morning ] ]
weather	advise me on how many cm of rain is due tomorrow	[IN:GET_WEATHER advise me on how many [SL:MEASUREMENT_UNIT cm ] of [SL:WEATHER_ATTRIBUTE rain ] is due [SL:DATE_TIME tomorrow ] ]
weather	What time is sunrise	[IN:GET_SUNRISE What time is sunrise ]
weather	What time is sun rise in Denver, Colorado	[IN:GET_SUNRISE What time is sun rise in [SL:LOCATION Denver , Colorado ] ]
weather	what time is sundown, please?	[IN:GET_SUNSET what time is sundown , please ? ]
weather	What time is sunrise on Saturday	[IN:GET_SUNRISE What time is sunrise [SL:DATE_TIME on Saturday ] ]
weather	When is the sunset	[IN:GET_SUNSET When is the sunset ]
weather	What time does the sun rise in Boston, MA	[IN:GET_SUNRISE What time does the sun rise in [SL:LOCATION Boston ] , MA ]
weather	what time will it start to get dark out	[IN:GET_SUNSET what time will it start to get dark out ]
weather	when does the sun  rise tomorrow	[IN:GET_SUNRISE when does the sun rise [SL:DATE_TIME tomorrow ] ]
weather	When will the sunset	[IN:GET_SUNSET When will the sunset ]
weather	What time is the sun expected to set	[IN:GET_SUNSET What time is the sun expected to set ]
weather	what time is sunset	[IN:GET_SUNSET what time is sunset ]
weather	Sunrise and sunset times	[IN:GET_SUNRISE Sunrise and sunset times ]
weather	What time was sunrise this morning	[IN:GET_SUNRISE What time was sunrise [SL:DATE_TIME this morning ] ]
weather	When will the sun set today	[IN:GET_SUNSET When will the sun set [SL:DATE_TIME today ] ]
weather	when does the sun rise in London	[IN:GET_SUNRISE when does the sun rise in [SL:LOCATION London ] ]
weather	What time is sunset tomorrow?	[IN:GET_SUNSET What time is sunset [SL:DATE_TIME tomorrow ] ? ]
weather	let me know what time it starts getting dark	[IN:GET_SUNSET let me know what time it starts getting dark ]
weather	When does the sunset today ?	[IN:GET_SUNSET When does the sunset [SL:DATE_TIME today ] ? ]
weather	does the sun set later in Florida then NY	[IN:GET_SUNSET does the sun set later in [SL:LOCATION Florida ] then [SL:LOCATION NY ] ]
weather	At what time will the sun rise	[IN:GET_SUNRISE At what time will the sun rise ]
weather	when will it be sunset	[IN:GET_SUNSET when will it be sunset ]
weather	What is sunrise tomorrow	[IN:GET_SUNRISE What is sunrise [SL:DATE_TIME tomorrow ] ]
weather	when does it get dark	[IN:GET_SUNSET when does it get dark ]
weather	What time does the sun set today	[IN:GET_SUNSET What time does the sun set [SL:DATE_TIME today ] ]
weather	What time did the sun rise 3 years ago today	[IN:GET_SUNRISE What time did the sun rise [SL:DATE_TIME 3 years ago today ] ]
weather	what time does the sun set in New Orleans	[IN:GET_SUNSET what time does the sun set in [SL:LOCATION New Orleans ] ]
weather	What time will the sun rise	[IN:GET_SUNRISE What time will the sun rise ]
weather	when does the sun rise tomorow	[IN:GET_SUNRISE when does the sun rise [SL:DATE_TIME tomorow ] ]
weather	Can you guess the climate for next week here?	[IN:GET_WEATHER Can you guess the climate [SL:DATE_TIME for next week ] [SL:LOCATION [IN:GET_LOCATION [SL:LOCATION_USER here ] ] ] ? ]
weather	when's sunrise	[IN:GET_SUNRISE when 's sunrise ]
weather	What time will the sunset in California	[IN:GET_SUNSET What time will the sunset in [SL:LOCATION California ] ]
weather	when does the sun set tonight	[IN:GET_SUNSET when does the sun set [SL:DATE_TIME tonight ] ]
weather	What time will the sun go down?	[IN:GET_SUNSET What time will the sun go down ? ]
weather	Tonight's sundown is at what time?	[IN:GET_SUNSET [SL:DATE_TIME Tonight ] 's sundown is at what time ? ]
weather	What time is sunset today	[IN:GET_SUNSET What time is sunset [SL:DATE_TIME today ] ]
weather	What time will the sun set tonight	[IN:GET_SUNSET What time will the sun set [SL:DATE_TIME tonight ] ]
weather	When will the sun rise tomorrow?	[IN:GET_SUNRISE When will the sun rise [SL:DATE_TIME tomorrow ] ? ]
weather	what time is sunset	[IN:GET_SUNSET what time is sunset ]
weather	what time does it get dark	[IN:GET_SUNSET what time does it get dark ]
weather	What time does the sunrise today	[IN:GET_SUNRISE What time does the sunrise [SL:DATE_TIME today ] ]
weather	what time is sunset	[IN:GET_SUNSET what time is sunset ]
weather	When will the sun rise today?	[IN:GET_SUNRISE When will the sun rise [SL:DATE_TIME today ] ? ]
weather	what time is sunset	[IN:GET_SUNSET what time is sunset ]
weather	Today's Sundown happens at what time?	[IN:GET_SUNSET [SL:DATE_TIME Today ] 's Sundown happens at what time ? ]
weather	Do you know when sundown is?	[IN:GET_SUNSET Do you know when sundown is ? ]
weather	What time does sunset start	[IN:GET_SUNSET What time does sunset start ]
weather	When does the sun set	[IN:GET_SUNSET When does the sun set ]
weather	When does the sun set in Texas during August	[IN:GET_SUNSET When does the sun set in [SL:LOCATION Texas ] [SL:DATE_TIME during August ] ]
weather	what time is sunrise for wednesday?	[IN:GET_SUNRISE what time is sunrise [SL:DATE_TIME for wednesday ] ? ]
weather	when does the sun set	[IN:GET_SUNSET when does the sun set ]
weather	can you see the sun rise this Saturday?	[IN:GET_SUNRISE can you see the sun rise [SL:DATE_TIME this Saturday ] ? ]
weather	when does the sun set in California	[IN:GET_SUNSET when does the sun set in [SL:LOCATION California ] ]
weather	when will the sun set	[IN:GET_SUNSET when will the sun set ]
weather	When does the sun rise in Vermont	[IN:GET_SUNRISE When does the sun rise in [SL:LOCATION Vermont ] ]
weather	When does the sun Set	[IN:GET_SUNSET When does the sun Set ]
weather	What time did the sun set today	[IN:GET_SUNSET What time did the sun set [SL:DATE_TIME today ] ]
weather	when is sunrise today?	[IN:GET_SUNRISE when is sunrise [SL:DATE_TIME today ] ? ]
weather	sunrise time in chicago today	[IN:GET_SUNRISE sunrise time in [SL:LOCATION chicago ] [SL:DATE_TIME today ] ]
weather	What time is sundown tonight?	[IN:GET_SUNSET What time is sundown [SL:DATE_TIME tonight ] ? ]
weather	what time does the sun rise tomorrow	[IN:GET_SUNRISE what time does the sun rise [SL:DATE_TIME tomorrow ] ]
weather	What time does the sun set	[IN:GET_SUNSET What time does the sun set ]
weather	What time is tonight's sunset	[IN:GET_SUNSET What time is [SL:DATE_TIME tonight ] 's sunset ]
weather	when is dusk tomorrow	[IN:GET_SUNSET when is dusk [SL:DATE_TIME tomorrow ] ]
weather	When is sunset on Friday?	[IN:GET_SUNSET When is sunset [SL:DATE_TIME on Friday ] ? ]
weather	what time is the earlies a sunrise occurs	[IN:GET_SUNRISE what time is the earlies a sunrise occurs ]
weather	What time will the sun rise tomorrow	[IN:GET_SUNRISE What time will the sun rise [SL:DATE_TIME tomorrow ] ]
weather	When will the sunset	[IN:GET_SUNSET When will the sunset ]
weather	whats the weather radar look like near me	[IN:GET_WEATHER whats the weather radar look like [SL:LOCATION [IN:GET_LOCATION [SL:SEARCH_RADIUS near ] [SL:LOCATION_USER me ] ] ] ]
weather	What time is sunrise	[IN:GET_SUNRISE What time is sunrise ]
weather	When is sunset on September 16th	[IN:GET_SUNSET When is sunset [SL:DATE_TIME on September 16th ] ]
weather	What time is sunset?	[IN:GET_SUNSET What time is sunset ? ]
weather	What time is sunset?	[IN:GET_SUNSET What time is sunset ? ]
weather	What time does the sun rise	[IN:GET_SUNRISE What time does the sun rise ]
weather	What's the exact time of sundown?	[IN:GET_SUNSET What 's the exact time of sundown ? ]
weather	when is dawn	[IN:GET_SUNRISE when is dawn ]
weather	When's sunrise	[IN:GET_SUNRISE When 's sunrise ]
weather	what's the time that it starts getting dark	[IN:GET_SUNSET what 's the time that it starts getting dark ]
weather	At what time does the sun set	[IN:GET_SUNSET At what time does the sun set ]
weather	Sundown happens at what time tonight?	[IN:GET_SUNSET Sundown happens at what time [SL:DATE_TIME tonight ] ? ]
weather	What time is sunset in Moscow	[IN:GET_SUNSET What time is sunset in [SL:LOCATION Moscow ] ]
weather	when's dawn	[IN:GET_SUNRISE when 's dawn ]
weather	What time is the sunset?	[IN:GET_SUNSET What time is the sunset ? ]
weather	tell me local radar for today	[IN:GET_WEATHER tell me [SL:LOCATION [IN:GET_LOCATION [SL:LOCATION_MODIFIER local ] ] ] radar [SL:DATE_TIME for today ] ]
weather	What time does the sun set	[IN:GET_SUNSET What time does the sun set ]
weather	What time is sunset	[IN:GET_SUNSET What time is sunset ]
weather	what time is sunset	[IN:GET_SUNSET what time is sunset ]
weather	when does the sun set	[IN:GET_SUNSET when does the sun set ]
weather	What time is sunset	[IN:GET_SUNSET What time is sunset ]
weather	What time is Sunset tonight	[IN:GET_SUNSET What time is Sunset [SL:DATE_TIME tonight ] ]
weather	when is sunset?	[IN:GET_SUNSET when is sunset ? ]
weather	What time is the sunset today?	[IN:GET_SUNSET What time is the sunset [SL:DATE_TIME today ] ? ]
weather	When does the sun rise?	[IN:GET_SUNRISE When does the sun rise ? ]
weather	WHAT TIME IS SUNSET TODAY	[IN:GET_SUNSET WHAT TIME IS SUNSET [SL:DATE_TIME TODAY ] ]
weather	Sundown is happening at what time today?	[IN:GET_SUNSET Sundown is happening at what time [SL:DATE_TIME today ] ? ]
weather	give me the time of sunrise for the next 3 days	[IN:GET_SUNRISE give me the time of sunrise for the [SL:DATE_TIME next 3 days ] ]
weather	can you tell me when it starts getting dark out there	[IN:GET_SUNSET can you tell me when it starts getting dark out there ]
weather	when does the sun set	[IN:GET_SUNSET when does the sun set ]
weather	when is sunrise tomorrow	[IN:GET_SUNRISE when is sunrise [SL:DATE_TIME tomorrow ] ]
weather	What time will the sunrise Friday	[IN:GET_SUNRISE What time will the sunrise [SL:DATE_TIME Friday ] ]
weather	at what time does it start getting dark	[IN:GET_SUNSET at what time does it start getting dark ]
weather	When is sunset here	[IN:GET_SUNSET When is sunset [SL:LOCATION here ] ]
weather	What times is sunrise tomorrow?	[IN:GET_SUNRISE What times is sunrise [SL:DATE_TIME tomorrow ] ? ]
weather	when does the sun set tonight	[IN:GET_SUNSET when does the sun set [SL:DATE_TIME tonight ] ]
weather	What time is today's sunset	[IN:GET_SUNSET What time is [SL:DATE_TIME today ] 's sunset ]
weather	How long until the sun sets	[IN:GET_SUNSET How long until the sun sets ]
weather	How many mm of rain are we expecting this evening.	[IN:GET_WEATHER How many [SL:MEASUREMENT_UNIT mm ] of [SL:WEATHER_ATTRIBUTE rain ] are we expecting [SL:DATE_TIME this evening ] . ]
weather	What is the sunset tonight?	[IN:GET_SUNSET What is the sunset [SL:DATE_TIME tonight ] ? ]
weather	what time is sunrise	[IN:GET_SUNRISE what time is sunrise ]
weather	When's sunset in LA	[IN:GET_SUNSET When 's sunset in [SL:LOCATION LA ] ]
weather	what time does sunrise in new york tomorrow	[IN:GET_SUNRISE what time does sunrise in [SL:LOCATION new york ] [SL:DATE_TIME tomorrow ] ]
weather	Sundown	[IN:GET_SUNSET Sundown ]
weather	what time is the sunset in Miami	[IN:GET_SUNSET what time is the sunset in [SL:LOCATION Miami ] ]
weather	When is the sun going down?	[IN:GET_SUNSET When is the sun going down ? ]
weather	What time is sunrise	[IN:GET_SUNRISE What time is sunrise ]
weather	What time does the sun set in Houston today	[IN:GET_SUNSET What time does the sun set in [SL:LOCATION Houston ] [SL:DATE_TIME today ] ]
weather	What time is sunrise tomorrow?	[IN:GET_SUNRISE What time is sunrise [SL:DATE_TIME tomorrow ] ? ]
weather	What time is sunrise tomorrow	[IN:GET_SUNRISE What time is sunrise [SL:DATE_TIME tomorrow ] ]
weather	tell me when it starts getting dark outside	[IN:GET_SUNSET tell me when it starts getting dark outside ]
weather	what time is sun rise	[IN:GET_SUNRISE what time is sun rise ]
weather	What time can I see the sunset this weekend?	[IN:GET_SUNSET What time can I see the sunset [SL:DATE_TIME this weekend ] ? ]
weather	When does the sun rise	[IN:GET_SUNRISE When does the sun rise ]
weather	radar for my region	[IN:GET_WEATHER radar for [SL:LOCATION [IN:GET_LOCATION [SL:LOCATION_USER my region ] ] ] ]
weather	What time does the sun rise	[IN:GET_SUNRISE What time does the sun rise ]
weather	at what time will the sun rise in Calaveras County tomorrow	[IN:GET_SUNRISE at what time will the sun rise in [SL:LOCATION Calaveras County ] [SL:DATE_TIME tomorrow ] ]
weather	What time is sunrise tomorrow	[IN:GET_SUNRISE What time is sunrise [SL:DATE_TIME tomorrow ] ]
weather	when is dawn tomorrow	[IN:GET_SUNRISE when is dawn [SL:DATE_TIME tomorrow ] ]
weather	What time does the sun set this time of year in my city	[IN:GET_SUNSET What time does the sun set this time of year in [SL:LOCATION [IN:GET_LOCATION [SL:LOCATION_USER my city ] ] ] ]
weather	when is sunrise tomorrow	[IN:GET_SUNRISE when is sunrise [SL:DATE_TIME tomorrow ] ]
weather	What time is sunrise tomorrow	[IN:GET_SUNRISE What time is sunrise [SL:DATE_TIME tomorrow ] ]
weather	When is sunrise tomorrow in New York	[IN:GET_SUNRISE When is sunrise [SL:DATE_TIME tomorrow ] in [SL:LOCATION New York ] ]
weather	What time is the sunrise tomorrow	[IN:GET_SUNRISE What time is the sunrise [SL:DATE_TIME tomorrow ] ]
weather	What time did the sunrise today	[IN:GET_SUNRISE What time did the sunrise [SL:DATE_TIME today ] ]
weather	when does the sun rise	[IN:GET_SUNRISE when does the sun rise ]
weather	What time is sunrise tomorrow	[IN:GET_SUNRISE What time is sunrise [SL:DATE_TIME tomorrow ] ]
weather	what time is sunrise	[IN:GET_SUNRISE what time is sunrise ]
weather	When time does the sunrise in New York	[IN:GET_SUNRISE When time does the sunrise in [SL:LOCATION New York ] ]
weather	What time is the sunrise in Oklahoma	[IN:GET_SUNRISE What time is the sunrise in [SL:LOCATION Oklahoma ] ]
weather	What time will the sun rise in Tokyo tomorrow	[IN:GET_SUNRISE What time will the sun rise in [SL:LOCATION Tokyo ] [SL:DATE_TIME tomorrow ] ]
weather	What time is sunrise tomorrow	[IN:GET_SUNRISE What time is sunrise [SL:DATE_TIME tomorrow ] ]
weather	what time will the sun rise on September 17	[IN:GET_SUNRISE what time will the sun rise [SL:DATE_TIME on September 17 ] ]
weather	What time does the sun rise	[IN:GET_SUNRISE What time does the sun rise ]
weather	What time is the sunrise	[IN:GET_SUNRISE What time is the sunrise ]
weather	What is the forecast for this weekend at my mums?	[IN:GET_WEATHER What is the forecast [SL:DATE_TIME for this weekend ] at [SL:LOCATION [IN:GET_INFO_CONTACT [SL:CONTACT [IN:GET_CONTACT [SL:CONTACT_RELATED my ] [SL:TYPE_RELATION mums ] ] ] ] ] ? ]
weather	when does the sun come out	[IN:GET_SUNRISE when does the sun come out ]
weather	What time is sun up	[IN:GET_SUNRISE What time is sun up ]
weather	when does the sun rise	[IN:GET_SUNRISE when does the sun rise ]
weather	What time does the sun come up tomorrow	[IN:GET_SUNRISE What time does the sun come up [SL:DATE_TIME tomorrow ] ]
weather	What time will the sun rise tomorrow	[IN:GET_SUNRISE What time will the sun rise [SL:DATE_TIME tomorrow ] ]
weather	What time does the sun rise this morning	[IN:GET_SUNRISE What time does the sun rise [SL:DATE_TIME this morning ] ]
weather	I need the local radar	[IN:GET_WEATHER I need the [SL:LOCATION [IN:GET_LOCATION [SL:LOCATION_MODIFIER local ] ] ] radar ]
weather	At what time will the sun rise today	[IN:GET_SUNRISE At what time will the sun rise [SL:DATE_TIME today ] ]
weather	When is sunrise tomorrow	[IN:GET_SUNRISE When is sunrise [SL:DATE_TIME tomorrow ] ]
weather	what time will the sunrise	[IN:GET_SUNRISE what time will the sunrise ]
weather	What time is sunrise tomorrow	[IN:GET_SUNRISE What time is sunrise [SL:DATE_TIME tomorrow ] ]
weather	what is the weather here?	[IN:GET_WEATHER what is the weather [SL:LOCATION [IN:GET_LOCATION [SL:LOCATION_USER here ] ] ] ? ]
weather	What time is sunrise tomorrow	[IN:GET_SUNRISE What time is sunrise [SL:DATE_TIME tomorrow ] ]
weather	When does the sun rise	[IN:GET_SUNRISE When does the sun rise ]
weather	Weather here 10th June	[IN:GET_WEATHER Weather [SL:LOCATION [IN:GET_LOCATION [SL:LOCATION_USER here ] ] ] [SL:DATE_TIME 10th June ] ]
weather	SHOW ME THE RADAR FOR MY AREA	[IN:GET_WEATHER SHOW ME THE RADAR FOR [SL:LOCATION [IN:GET_LOCATION [SL:LOCATION_USER MY AREA ] ] ] ]
weather	Weather in current location	[IN:GET_WEATHER Weather in [SL:LOCATION [IN:GET_LOCATION [SL:LOCATION_USER current location ] ] ] ]
weather	what's the radar look like in my area	[IN:GET_WEATHER what 's the radar look like in [SL:LOCATION [IN:GET_LOCATION [SL:LOCATION_USER my area ] ] ] ]
weather	can you tell me the local radar prediction	[IN:GET_WEATHER can you tell me the [SL:LOCATION [IN:GET_LOCATION [SL:LOCATION_MODIFIER local ] ] ] radar prediction ]
weather	show me weather radar in my area	[IN:GET_WEATHER show me weather radar in [SL:LOCATION [IN:GET_LOCATION [SL:LOCATION_USER my area ] ] ] ]
weather	Pull up the radar for my current area	[IN:GET_WEATHER Pull up the radar for [SL:LOCATION [IN:GET_LOCATION [SL:LOCATION_USER my current area ] ] ] ]
weather	in centimeters, how much rain will we be getting tonight	[IN:GET_WEATHER in [SL:MEASUREMENT_UNIT centimeters ] , how much [SL:WEATHER_ATTRIBUTE rain ] will we be getting [SL:DATE_TIME tonight ] ]
weather	tell me local radar	[IN:GET_WEATHER tell me [SL:LOCATION [IN:GET_LOCATION [SL:LOCATION_MODIFIER local ] ] ] radar ]
weather	what's the local radar	[IN:GET_WEATHER what 's the [SL:LOCATION [IN:GET_LOCATION [SL:LOCATION_MODIFIER local ] ] ] radar ]
weather	what's the local radar like tomorrow	[IN:GET_WEATHER what 's the [SL:LOCATION [IN:GET_LOCATION [SL:LOCATION_MODIFIER local ] ] ] radar like [SL:DATE_TIME tomorrow ] ]
weather	what is the local radar forecast	[IN:GET_WEATHER what is the [SL:LOCATION [IN:GET_LOCATION [SL:LOCATION_MODIFIER local ] ] ] radar forecast ]
weather	How many cm of snow are we expecting?	[IN:GET_WEATHER How many [SL:MEASUREMENT_UNIT cm ] of [SL:WEATHER_ATTRIBUTE snow ] are we expecting ? ]
